Row_Number,addressZipcode,baths,beds,area,addressCity,unformattedPrice,House_Age
1,73117,,,,Oklahoma City,21000,36
2,73117,1.0,3.0,1111.0,Oklahoma City,98000,49
3,73117,1.0,2.0,978.0,Oklahoma City,75000,44
4,73117,1.0,3.0,1154.0,Oklahoma City,60000,40
5,73117,1.0,1.0,528.0,Oklahoma City,32500,37
6,73117,1.0,3.0,1040.0,Oklahoma City,70000,50
7,73117,2.0,3.0,1468.0,Oklahoma City,221500,36
8,73117,1.0,2.0,840.0,Oklahoma City,132500,48
9,73117,1.0,4.0,1208.0,Oklahoma City,134900,40
10,73117,1.0,3.0,1476.0,Oklahoma City,200000,40
11,73117,1.5,2.0,1199.0,Oklahoma City,48000,50
12,73117,2.0,3.0,1632.0,Oklahoma City,266000,33
13,73117,2.0,3.0,1120.0,Oklahoma City,165000,37
14,73117,1.0,2.0,660.0,Oklahoma City,54000,32
15,73117,1.0,2.0,720.0,Oklahoma City,112000,50
16,73117,3.0,4.0,1893.0,Oklahoma City,345000,31
17,73117,2.0,3.0,1375.0,Oklahoma City,220000,41
18,73117,3.0,4.0,1868.0,Oklahoma City,297900,35
19,73117,2.0,3.0,1080.0,Oklahoma City,82000,31
20,73117,1.0,2.0,1281.0,Oklahoma City,100000,50
21,73117,1.0,2.0,920.0,Oklahoma City,70000,30
22,73117,2.0,3.0,1186.0,Oklahoma City,199900,41
23,73117,1.0,2.0,1080.0,Oklahoma City,83000,41
24,73117,1.0,2.0,805.0,Oklahoma City,67000,46
25,73117,2.0,3.0,1531.0,Oklahoma City,216197,39
26,73117,1.0,2.0,1.0,Oklahoma City,17500,45
27,73117,2.0,3.0,1746.0,Oklahoma City,300000,44
28,73117,,,,Oklahoma City,17500,44
29,73117,1.0,3.0,1242.0,Oklahoma City,70000,48
30,73117,1.0,3.0,1184.0,Oklahoma City,145000,41
31,73117,1.0,2.0,1037.0,Oklahoma City,75000,49
32,73117,1.0,3.0,906.0,Oklahoma City,42500,32
33,73117,1.0,3.0,1064.0,Oklahoma City,129500,34
34,73117,1.0,3.0,672.0,Oklahoma City,50000,48
35,73117,1.0,2.0,1000.0,Oklahoma City,144900,36
36,73117,,,,Oklahoma City,22000,50
37,73117,2.0,3.0,1129.0,Oklahoma City,219900,38
38,73117,,,,Oklahoma City,17000,36
39,73117,,,,Oklahoma City,17000,47
40,73117,1.0,1.0,752.0,Oklahoma City,250000,33
41,73117,1.5,3.0,1092.0,Oklahoma City,68398,43
42,73160,4.0,4.0,2635.0,Oklahoma City,607620,37
43,73160,2.0,4.0,1624.0,Oklahoma City,269000,32
44,73160,2.0,3.0,1502.0,Oklahoma City,269990,43
45,73160,2.0,3.0,1253.0,Oklahoma City,234990,47
46,73160,4.0,3.0,3032.0,Oklahoma City,624000,50
47,73162,3.0,3.0,2136.0,Oklahoma City,335000,42
48,73162,4.0,5.0,4039.0,Oklahoma City,510000,30
49,73162,2.0,4.0,2786.0,Oklahoma City,255000,36
50,73162,3.0,2.0,1658.0,Oklahoma City,192500,38
51,73162,3.0,4.0,3245.0,Oklahoma City,310000,30
52,73162,2.0,3.0,1413.0,Oklahoma City,179000,41
53,73162,3.0,4.0,2351.0,Oklahoma City,280000,37
54,73162,3.0,3.0,2067.0,Oklahoma City,227000,40
55,73162,3.0,4.0,2772.0,Oklahoma City,385000,48
56,73162,2.0,3.0,1642.0,Oklahoma City,205000,46
57,73162,3.0,4.0,2584.0,Oklahoma City,295000,37
58,73162,2.0,4.0,2064.0,Oklahoma City,275000,32
59,73162,3.0,3.0,1892.0,Oklahoma City,193000,32
60,73162,2.0,3.0,1862.0,Oklahoma City,255000,30
61,73162,3.0,4.0,2168.0,Oklahoma City,280000,34
62,73162,3.0,4.0,3028.0,Oklahoma City,330000,39
63,73162,2.0,2.0,1228.0,Oklahoma City,170000,36
64,73162,2.0,3.0,2068.0,Oklahoma City,274900,38
65,73162,2.0,3.0,2363.0,Oklahoma City,240000,36
66,73162,2.0,2.0,1227.0,Oklahoma City,255000,38
67,73162,2.0,3.0,1710.0,Oklahoma City,240000,37
68,73162,2.0,3.0,1243.0,Oklahoma City,100000,41
69,73162,2.0,3.0,2036.0,Oklahoma City,240000,31
70,73162,3.0,3.0,2373.0,Oklahoma City,350000,30
71,73162,2.0,2.0,2862.0,Oklahoma City,280000,45
72,73162,2.0,3.0,1866.0,Oklahoma City,250000,34
73,73162,3.0,3.0,1824.0,Oklahoma City,210000,32
74,73162,2.0,4.0,2323.0,Oklahoma City,70000,41
75,73162,3.0,3.0,2325.0,Oklahoma City,250000,37
76,73162,3.0,4.0,2690.0,Oklahoma City,334150,32
77,73162,4.0,4.0,4483.0,Oklahoma City,525000,30
78,73162,3.0,4.0,2675.0,Oklahoma City,280000,32
79,73162,2.0,3.0,1808.0,Oklahoma City,250000,34
80,73162,2.0,4.0,1875.0,Oklahoma City,305000,44
81,73162,2.0,3.0,1860.0,Oklahoma City,235000,43
82,73162,2.0,3.0,1965.0,Oklahoma City,225000,32
83,73162,2.0,3.0,1539.0,Oklahoma City,215000,30
84,73162,3.0,3.0,1613.0,Oklahoma City,189000,34
85,73162,3.0,4.0,2484.0,Oklahoma City,333500,43
86,73162,2.0,3.0,2045.0,Oklahoma City,285000,36
87,73162,3.0,5.0,2820.0,Oklahoma City,296000,38
88,73165,3.0,3.0,2831.0,Oklahoma City,462925,44
89,73165,3.0,3.0,2572.0,Oklahoma City,585000,39
90,73165,2.0,2.0,1094.0,Oklahoma City,210000,42
91,73165,3.0,4.0,2400.0,Oklahoma City,459900,48
92,73165,,,,Oklahoma City,50000,46
93,73165,2.0,3.0,1568.0,Oklahoma City,190000,49
94,73165,,,,Oklahoma City,50000,33
95,73165,2.0,4.0,1512.0,Oklahoma City,180000,34
96,73165,4.0,4.0,3142.0,Oklahoma City,515000,42
97,73165,2.0,3.0,1368.0,Oklahoma City,125000,40
98,73165,2.0,3.0,1260.0,Oklahoma City,180000,33
99,73165,2.0,3.0,1216.0,Oklahoma City,180000,42
100,73165,2.0,3.0,2595.0,Oklahoma City,442500,36
101,73165,,,,Oklahoma City,350000,31
102,73165,3.0,3.0,1834.0,Oklahoma City,370750,39
103,73165,2.0,4.0,2647.0,Oklahoma City,250000,50
104,73165,2.0,3.0,1558.0,Oklahoma City,170000,41
105,73165,,,,Oklahoma City,57000,40
106,73165,2.0,3.0,1960.0,Oklahoma City,407500,36
107,73165,2.0,4.0,1456.0,Oklahoma City,260000,30
108,73165,,,,Oklahoma City,57000,49
109,73165,,,,Oklahoma City,55000,42
110,73165,0.0,,,Oklahoma City,663500,38
111,73165,3.0,4.0,2455.0,Oklahoma City,440000,32
112,73165,2.0,3.0,1200.0,Oklahoma City,199000,36
113,73165,2.0,2.0,784.0,Oklahoma City,145000,38
114,73165,,,,Oklahoma City,210000,34
115,73165,2.0,3.0,1743.0,Oklahoma City,289000,30
116,73165,,,,Oklahoma City,145000,48
117,73118,2.0,4.0,2132.0,Oklahoma City,320000,39
118,73118,1.0,2.0,1334.0,Oklahoma City,219900,41
119,73118,3.0,4.0,2395.0,Oklahoma City,490500,44
120,73118,1.0,3.0,1276.0,Oklahoma City,215000,38
121,73118,2.0,4.0,1740.0,Oklahoma City,215500,49
122,73118,2.0,2.0,1144.0,Oklahoma City,170000,46
123,73118,1.0,3.0,1312.0,Oklahoma City,150000,46
124,73118,3.0,3.0,2492.0,Oklahoma City,735000,49
125,73118,3.0,4.0,3164.0,Oklahoma City,850000,41
126,73118,2.0,2.0,2044.0,Oklahoma City,512000,36
127,73118,1.0,3.0,1320.0,Oklahoma City,196000,31
128,73118,,,,Oklahoma City,12000,32
129,73118,2.0,2.0,2933.0,Oklahoma City,585000,46
130,73118,4.0,4.0,3568.0,Oklahoma City,850000,34
131,73118,3.0,3.0,2264.0,Oklahoma City,345000,46
132,73118,2.0,3.0,1427.0,Oklahoma City,165000,46
133,73118,2.0,4.0,2112.0,Oklahoma City,280000,46
134,73118,3.0,2.0,1614.0,Oklahoma City,162500,31
135,73118,1.0,2.0,1232.0,Oklahoma City,140000,31
136,73118,3.0,3.0,2991.0,Oklahoma City,568000,34
137,73118,2.0,3.0,1266.0,Oklahoma City,245000,30
138,73118,1.0,3.0,1348.0,Oklahoma City,128000,30
139,73118,3.0,3.0,2266.0,Oklahoma City,635000,48
140,73118,2.0,3.0,1281.0,Oklahoma City,220000,31
141,73118,1.0,2.0,1330.0,Oklahoma City,190000,50
142,73118,1.0,2.0,1824.0,Oklahoma City,445000,41
143,73118,2.0,3.0,1580.0,Oklahoma City,249900,35
144,73118,1.0,2.0,1361.0,Oklahoma City,207000,33
145,73118,4.0,3.0,2760.0,Oklahoma City,735000,40
146,73118,3.0,4.0,2921.0,Oklahoma City,99999,46
147,73118,3.0,2.0,1670.0,Oklahoma City,430000,35
148,73118,5.0,5.0,3255.0,Oklahoma City,1085000,34
149,73118,1.0,2.0,1313.0,Oklahoma City,215000,49
150,73118,2.0,2.0,1006.0,Oklahoma City,120000,31
151,73118,2.0,1.0,1006.0,Oklahoma City,116000,35
152,73118,2.0,2.0,1314.0,Oklahoma City,134000,40
153,73118,1.0,2.0,1045.0,Oklahoma City,185000,45
154,73118,2.0,2.0,1314.0,Oklahoma City,140000,45
155,73118,2.0,3.0,1597.0,Oklahoma City,190000,30
156,73118,2.0,3.0,1485.0,Oklahoma City,285000,38
157,73118,3.0,3.0,2266.0,Oklahoma City,597000,35
158,73119,1.0,3.0,938.0,Oklahoma City,142000,45
159,73119,1.0,2.0,1328.0,Oklahoma City,125000,32
160,73119,1.0,2.0,690.0,Oklahoma City,135000,49
161,73119,1.0,3.0,780.0,Oklahoma City,132000,33
162,73119,1.0,3.0,1000.0,Oklahoma City,156000,48
163,73119,1.0,3.0,1054.0,Oklahoma City,168000,32
164,73119,,,,Oklahoma City,20000,48
165,73119,,,,Oklahoma City,32000,49
166,73119,2.0,2.0,950.0,Oklahoma City,110000,36
167,73119,1.0,3.0,1230.0,Oklahoma City,97000,49
168,73119,1.0,3.0,966.0,Oklahoma City,120000,38
169,73119,1.0,3.0,1056.0,Oklahoma City,100000,30
170,73119,1.0,3.0,1104.0,Oklahoma City,170000,37
171,73119,1.0,3.0,928.0,Oklahoma City,35000,36
172,73119,4.0,4.0,2300.0,Oklahoma City,150000,47
173,73119,,,,Oklahoma City,30000,37
174,73119,1.0,3.0,913.0,Oklahoma City,100000,30
175,73119,1.0,3.0,1329.0,Oklahoma City,106900,40
176,73119,1.0,3.0,1422.0,Oklahoma City,115000,47
177,73119,1.5,3.0,960.0,Oklahoma City,53000,39
178,73119,1.0,3.0,638.0,Oklahoma City,75000,32
179,73119,1.0,3.0,864.0,Oklahoma City,72000,36
180,73119,3.5,4.0,2286.0,Oklahoma City,160000,45
181,73119,2.0,2.0,1177.0,Oklahoma City,125000,45
182,73119,,,,Oklahoma City,30000,49
183,73119,1.0,3.0,880.0,Oklahoma City,127500,46
184,73119,1.0,2.0,986.0,Oklahoma City,67000,31
185,73119,2.0,3.0,983.0,Oklahoma City,163000,30
186,73119,2.0,4.0,1567.0,Oklahoma City,185000,45
187,73119,1.0,2.0,660.0,Oklahoma City,107900,41
188,73119,2.0,4.0,1241.0,Oklahoma City,147000,34
189,73119,3.0,4.0,1657.0,Oklahoma City,207000,34
190,73119,1.0,3.0,854.0,Oklahoma City,60000,38
191,73119,2.0,4.0,1421.0,Oklahoma City,200000,38
192,73119,1.0,2.0,640.0,Oklahoma City,67500,32
193,73119,2.0,3.0,1376.0,Oklahoma City,167000,48
194,73119,2.0,4.0,1438.0,Oklahoma City,176000,45
195,73119,1.0,3.0,946.0,Oklahoma City,143000,45
196,73119,1.0,2.0,910.0,Oklahoma City,65000,32
197,73119,3.0,4.0,2201.0,Oklahoma City,239000,49
198,73119,1.0,3.0,913.0,Oklahoma City,47040,30
199,73169,,,,Oklahoma City,350000,49
200,73169,3.0,4.0,2517.0,Oklahoma City,567577,40
201,73169,4.0,6.0,2538.0,Oklahoma City,375000,46
202,73169,3.0,3.0,1692.0,Oklahoma City,215000,37
203,73169,3.0,3.0,2409.0,Oklahoma City,450000,33
204,73169,3.0,5.0,2629.0,Oklahoma City,360000,35
205,73169,,,,Oklahoma City,600000,37
206,73169,4.0,4.0,3852.0,Oklahoma City,781000,49
207,73169,3.0,5.0,2533.0,Oklahoma City,500000,32
208,73169,3.0,5.0,2533.0,Oklahoma City,499900,45
209,73169,3.0,4.0,2307.0,Oklahoma City,519700,32
210,73169,4.0,6.0,2538.0,Oklahoma City,365000,47
211,73169,2.0,3.0,4011.0,Oklahoma City,695000,43
212,73169,,,,Oklahoma City,495000,47
213,73169,4.0,6.0,2538.0,Oklahoma City,365000,31
214,73169,3.0,4.0,2257.0,Oklahoma City,495000,32
215,73169,3.0,4.0,2347.0,Oklahoma City,324500,45
216,73169,4.0,6.0,2538.0,Oklahoma City,365000,38
217,73169,4.0,6.0,2538.0,Oklahoma City,365000,33
218,73169,3.0,4.0,2517.0,Oklahoma City,539700,30
219,73169,3.0,4.0,2350.0,Oklahoma City,524700,33
220,73169,3.0,4.0,2713.0,Oklahoma City,399900,30
221,73169,1.0,2.0,952.0,Oklahoma City,375000,43
222,73169,4.0,3.0,4067.0,Oklahoma City,603000,50
223,73169,,,,Oklahoma City,85000,45
224,73169,3.0,4.0,2601.0,Oklahoma City,498000,49
225,73169,,,,Oklahoma City,110000,37
226,73169,,,,Oklahoma City,85000,36
227,73169,,,,Oklahoma City,110000,32
228,73169,,,,Oklahoma City,85000,46
229,73169,,4.0,2172.0,Oklahoma City,462000,30
230,73169,3.0,4.0,2170.0,Oklahoma City,461900,45
231,73169,,,,Oklahoma City,230000,41
232,73169,,,,Oklahoma City,105000,48
233,73169,3.0,4.0,2326.0,Oklahoma City,435000,43
234,73169,1.5,3.0,1696.0,Oklahoma City,725000,35
235,73169,1.0,2.0,1724.0,Oklahoma City,69500,35
236,73169,2.0,4.0,1812.0,Oklahoma City,259900,42
237,73169,2.0,4.0,1674.0,Oklahoma City,135000,48
238,73169,4.0,4.0,3362.0,Oklahoma City,667000,37
239,73169,5.0,4.0,3753.0,Oklahoma City,550000,31
240,73120,3.0,3.0,2595.0,Oklahoma City,320000,50
241,73120,2.0,3.0,1519.0,Oklahoma City,245000,30
242,73120,3.0,4.0,3592.0,Oklahoma City,775000,44
243,73120,1.0,1.0,801.0,Oklahoma City,107000,30
244,73120,3.0,4.0,2128.0,Oklahoma City,390000,34
245,73120,3.0,3.0,1420.0,Oklahoma City,215000,45
246,73120,3.0,3.0,2856.0,Oklahoma City,545000,48
247,73120,2.0,3.0,1908.0,Oklahoma City,290000,33
248,73120,2.0,2.0,1050.0,Oklahoma City,145000,32
249,73120,3.0,4.0,3048.0,Oklahoma City,620800,46
250,73120,2.0,3.0,2366.0,Oklahoma City,535000,41
251,73120,4.0,4.0,3278.0,Oklahoma City,865000,43
252,73120,2.0,3.0,2579.0,Oklahoma City,288329,50
253,73120,2.0,3.0,1275.0,Oklahoma City,139000,35
254,73120,2.0,3.0,2416.0,Oklahoma City,368500,32
255,73120,3.0,4.0,2668.0,Oklahoma City,485000,38
256,73120,3.0,2.0,2528.0,Oklahoma City,465000,34
257,73120,1.0,1.0,625.0,Oklahoma City,80000,46
258,73120,2.0,3.0,2502.0,Oklahoma City,295000,43
259,73120,1.75,2.0,1428.0,Oklahoma City,145000,50
260,73120,3.0,2.0,1518.0,Oklahoma City,234999,32
261,73120,1.0,3.0,1153.0,Oklahoma City,201000,30
262,73120,1.0,4.0,1380.0,Oklahoma City,105000,49
263,73120,1.0,3.0,1145.0,Oklahoma City,215713,50
264,73120,2.0,3.0,1595.0,Oklahoma City,196000,32
265,73120,2.0,3.0,1706.0,Oklahoma City,249000,47
266,73120,1.0,2.0,1067.0,Oklahoma City,162000,39
267,73120,,,,Oklahoma City,58000,32
268,73120,,,,Oklahoma City,58000,37
269,73120,4.0,4.0,2499.0,Oklahoma City,5604662,43
270,73120,3.0,4.0,2195.0,Oklahoma City,375000,47
271,73120,1.0,3.0,1070.0,Oklahoma City,150000,44
272,73120,2.0,3.0,1834.0,Oklahoma City,290000,31
273,73120,3.0,3.0,2426.0,Oklahoma City,800000,39
274,73120,1.75,3.0,1457.0,Oklahoma City,170000,31
275,73120,2.0,3.0,1207.0,Oklahoma City,179900,46
276,73120,2.0,2.0,1377.0,Oklahoma City,165000,37
277,73120,1.5,2.0,1408.0,Oklahoma City,85000,30
278,73120,2.0,3.0,2535.0,Oklahoma City,304000,38
279,73170,2.0,4.0,1910.0,Oklahoma City,250000,40
280,73170,2.0,4.0,2244.0,Oklahoma City,280000,45
281,73170,2.0,4.0,1512.0,Oklahoma City,385000,36
282,73170,2.0,3.0,1489.0,Oklahoma City,182000,39
283,73170,2.0,3.0,1846.0,Oklahoma City,284700,32
284,73170,3.0,3.0,1875.0,Oklahoma City,299900,47
285,73170,2.0,3.0,2117.0,Oklahoma City,335901,42
286,73170,2.0,3.0,1586.0,Oklahoma City,281900,36
287,73170,4.0,4.0,2694.0,Oklahoma City,430000,33
288,73170,2.0,3.0,1431.0,Oklahoma City,245000,42
289,73170,4.0,4.0,4641.0,Oklahoma City,604400,49
290,73170,3.0,3.0,2199.0,Oklahoma City,339750,30
291,73170,1.0,3.0,2236.0,Oklahoma City,298000,37
292,73170,2.0,3.0,2123.0,Oklahoma City,369891,43
293,73170,3.0,4.0,2219.0,Oklahoma City,406000,45
294,73170,2.0,4.0,1823.0,Oklahoma City,341030,43
295,73170,2.0,3.0,2556.0,Oklahoma City,360000,48
296,73170,2.0,3.0,1716.0,Oklahoma City,253000,44
297,73170,4.0,4.0,3651.0,Oklahoma City,540000,31
298,73170,3.0,4.0,2059.0,Oklahoma City,320000,31
299,73170,2.0,4.0,2197.0,Oklahoma City,271000,48
300,73170,3.0,3.0,1821.0,Oklahoma City,305000,46
301,73170,2.0,3.0,1848.0,Oklahoma City,360000,49
302,73170,2.0,4.0,1701.0,Oklahoma City,319990,39
303,73170,1.0,2.0,1557.0,Oklahoma City,155000,35
304,73170,2.0,3.0,1123.0,Oklahoma City,190000,44
305,73170,2.0,3.0,1614.0,Oklahoma City,286000,40
306,73170,3.0,3.0,1780.0,Oklahoma City,295000,34
307,73170,4.0,4.0,4284.0,Oklahoma City,650000,30
308,73170,2.0,3.0,1682.0,Oklahoma City,280000,37
309,73170,2.0,3.0,1682.0,Oklahoma City,212300,50
310,73170,2.0,3.0,2171.0,Oklahoma City,270000,41
311,73170,3.0,4.0,2483.0,Oklahoma City,449950,41
312,73170,2.0,4.0,2538.0,Oklahoma City,355000,34
313,73170,2.0,3.0,2366.0,Oklahoma City,275000,36
314,73170,2.0,3.0,1488.0,Oklahoma City,200000,33
315,73170,2.0,3.0,1857.0,Oklahoma City,180000,35
316,73170,2.0,3.0,1876.0,Oklahoma City,260000,42
317,73170,3.0,3.0,3386.0,Oklahoma City,167700,49
318,73170,,,,Oklahoma City,360000,44
319,73173,4.0,4.0,4454.0,Oklahoma City,950000,32
320,73173,3.0,4.0,2614.0,Oklahoma City,685000,37
321,73173,4.0,3.0,4321.0,Oklahoma City,690000,49
322,73173,3.0,4.0,1795.0,Oklahoma City,325000,45
323,73173,4.0,5.0,3350.0,Oklahoma City,660140,42
324,73173,4.0,4.0,3001.0,Oklahoma City,650000,47
325,73173,4.0,4.0,3127.0,Oklahoma City,560000,39
326,73173,3.0,3.0,2477.0,Oklahoma City,463000,48
327,73173,4.0,3.0,2781.0,Oklahoma City,585000,46
328,73173,3.0,3.0,2661.0,Oklahoma City,505000,48
329,73173,3.0,3.0,2150.0,Oklahoma City,362500,34
330,73173,4.0,4.0,5400.0,Oklahoma City,850000,50
331,73173,4.0,4.0,3433.0,Oklahoma City,665000,38
332,73173,3.0,3.0,2170.0,Oklahoma City,370000,41
333,73173,1.0,3.0,880.0,Oklahoma City,80000,50
334,73173,3.0,4.0,2491.0,Oklahoma City,507000,30
335,73173,3.0,4.0,3092.0,Oklahoma City,500000,30
336,73173,4.0,4.0,3409.0,Oklahoma City,785000,44
337,73173,2.0,3.0,1640.0,Oklahoma City,282500,31
338,73173,,,,Oklahoma City,310000,45
339,73173,3.0,3.0,2952.0,Oklahoma City,507500,37
340,73173,3.0,4.0,1960.0,Oklahoma City,359000,42
341,73173,3.0,3.0,3051.0,Oklahoma City,600000,50
342,73173,3.0,3.0,2781.0,Oklahoma City,550000,30
343,73173,5.0,4.0,3179.0,Oklahoma City,645000,45
344,73173,2.0,3.0,1249.0,Oklahoma City,255000,36
345,73173,1.0,3.0,1908.0,Oklahoma City,230000,34
346,73173,,,,Oklahoma City,610000,32
347,73173,4.0,5.0,3129.0,Oklahoma City,570000,41
348,73173,4.5,4.0,3834.0,Oklahoma City,750000,45
349,73173,4.0,3.0,3082.0,Oklahoma City,635000,48
350,73173,5.0,5.0,3250.0,Oklahoma City,650000,34
351,73173,4.0,4.0,2607.0,Oklahoma City,519500,43
352,73173,3.0,3.0,2480.0,Oklahoma City,432000,34
353,73173,,,384.0,Oklahoma City,150000,44
354,73173,,,,Oklahoma City,150000,46
355,73173,,,,Oklahoma City,518000,43
356,73173,4.0,3.0,4104.0,Oklahoma City,1000000,49
357,73173,3.0,4.0,2997.0,Oklahoma City,565000,34
358,73173,3.0,4.0,2970.0,Oklahoma City,618000,41
359,73173,,,,Oklahoma City,75000,45
360,73121,5.0,5.0,5602.0,Oklahoma City,1525000,45
361,73121,1.75,3.0,1206.0,Oklahoma City,82500,50
362,73121,2.0,3.0,1463.0,Oklahoma City,70000,36
363,73121,2.0,3.0,1225.0,Oklahoma City,165000,33
364,73121,2.0,3.0,1225.0,Oklahoma City,165000,30
365,73121,2.0,3.0,1255.0,Oklahoma City,227000,34
366,73121,1.75,4.0,1352.0,Oklahoma City,85000,39
367,73121,1.0,2.0,648.0,Oklahoma City,9000,34
368,73121,,,,Oklahoma City,275000,33
369,73121,4.0,4.0,2012.0,Oklahoma City,112000,31
370,73121,4.0,4.0,3359.0,Oklahoma City,964860,49
371,73121,,,,Oklahoma City,100000,39
372,73121,4.0,4.0,4739.0,Oklahoma City,1600000,48
373,73121,,,,Oklahoma City,30000,30
374,73121,2.0,4.0,2238.0,Oklahoma City,300000,34
375,73121,2.0,3.0,1048.0,Oklahoma City,105000,42
376,73121,4.0,5.0,2549.0,Oklahoma City,165000,33
377,73121,2.0,3.0,1329.0,Oklahoma City,225000,45
378,73121,4.0,4.0,3062.0,Oklahoma City,565000,45
379,73121,1.0,2.0,960.0,Oklahoma City,63500,46
380,73121,3.0,3.0,2483.0,Oklahoma City,250000,49
381,73121,,,,Oklahoma City,14500,41
382,73121,,,,Oklahoma City,14500,47
383,73121,0.0,0.0,850.0,Oklahoma City,21000,32
384,73121,2.0,3.0,1326.0,Oklahoma City,220000,30
385,73121,,,,Oklahoma City,21000,30
386,73121,2.0,3.0,1447.0,Oklahoma City,190000,48
387,73121,1.0,4.0,754.0,Oklahoma City,130000,40
388,73121,,,,Oklahoma City,206000,34
389,73121,1.0,3.0,852.0,Oklahoma City,81000,41
390,73121,2.0,4.0,2062.0,Oklahoma City,320000,32
391,73121,,,,Oklahoma City,90000,30
392,73121,,,,Oklahoma City,105000,30
393,73121,,,,Oklahoma City,90000,37
394,73121,,,,Oklahoma City,105000,39
395,73121,2.0,2.0,1552.0,Oklahoma City,189900,40
396,73121,3.0,4.0,3114.0,Oklahoma City,240000,41
397,73121,,,,Oklahoma City,116000,42
398,73121,1.0,3.0,910.0,Oklahoma City,62500,41
399,73179,4.0,4.0,2582.0,Oklahoma City,400000,31
400,73179,3.0,4.0,2459.0,Oklahoma City,389000,48
401,73179,4.0,4.0,2444.0,Oklahoma City,370000,47
402,73179,2.0,3.0,1575.0,Oklahoma City,225000,32
403,73179,2.0,3.0,1575.0,Oklahoma City,280000,46
404,73179,2.0,4.0,1862.0,Oklahoma City,316000,37
405,73179,2.0,3.0,1705.0,Oklahoma City,237000,39
406,73179,2.0,3.0,1260.0,Oklahoma City,224000,31
407,73179,2.0,4.0,1815.0,Oklahoma City,315000,48
408,73179,2.0,3.0,2010.0,Oklahoma City,369200,38
409,73179,3.0,4.0,1800.0,Oklahoma City,346950,36
410,73179,2.0,3.0,1744.0,Oklahoma City,130000,33
411,73179,2.0,3.0,1871.0,Oklahoma City,286000,50
412,73179,2.0,3.0,1270.0,Oklahoma City,237000,47
413,73179,3.0,3.0,2124.0,Oklahoma City,280000,42
414,73179,3.0,3.0,2055.0,Oklahoma City,313900,40
415,73179,2.0,3.0,1441.0,Oklahoma City,254900,33
416,73179,6.0,4.0,3865.0,Oklahoma City,818031,50
417,73179,4.0,4.0,2470.0,Oklahoma City,414000,33
418,73179,4.0,4.0,2941.0,Oklahoma City,430000,39
419,73179,2.0,3.0,1363.0,Oklahoma City,198000,34
420,73179,3.0,4.0,2415.0,Oklahoma City,380000,38
421,73179,2.0,4.0,1889.0,Oklahoma City,300000,32
422,73179,2.0,3.0,1444.0,Oklahoma City,250000,46
423,73179,2.0,3.0,1500.0,Oklahoma City,260000,32
424,73179,3.0,4.0,2909.0,Oklahoma City,460000,45
425,73179,3.0,4.0,3438.0,Oklahoma City,587500,33
426,73179,3.0,4.0,3124.0,Oklahoma City,528000,47
427,73179,3.0,4.0,2242.0,Oklahoma City,371000,46
428,73179,2.0,3.0,1875.0,Oklahoma City,293000,36
429,73179,,,,Oklahoma City,230000,34
430,73179,2.0,3.0,1466.0,Oklahoma City,250000,41
431,73179,2.0,4.0,2165.0,Oklahoma City,345000,46
432,73179,2.0,3.0,1176.0,Oklahoma City,229990,42
433,73179,1.75,3.0,1707.0,Oklahoma City,217500,32
434,73179,3.0,4.0,3102.0,Oklahoma City,614970,38
435,73179,2.0,3.0,1881.0,Oklahoma City,345000,46
436,73179,2.0,4.0,1891.0,Oklahoma City,338850,46
437,73179,2.0,3.0,1260.0,Oklahoma City,225000,49
438,73179,0.0,,,Oklahoma City,610500,45
439,73179,3.0,4.0,2461.0,Oklahoma City,385000,42
440,73122,2.0,3.0,811.0,Oklahoma City,159000,48
441,73122,2.0,4.0,1622.0,Oklahoma City,150000,46
442,73122,2.0,3.0,1866.0,Oklahoma City,255000,33
443,73122,3.0,3.0,3039.0,Oklahoma City,370000,43
444,73122,3.0,4.0,2172.0,Oklahoma City,255000,48
445,73122,2.0,2.0,1108.0,Oklahoma City,137500,45
446,73122,3.0,4.0,2172.0,Oklahoma City,255000,50
447,73122,2.0,3.0,1513.0,Oklahoma City,229000,34
448,73122,1.0,3.0,764.0,Oklahoma City,134900,49
449,73122,2.0,3.0,1783.0,Oklahoma City,200000,50
450,73122,3.0,4.0,2054.0,Oklahoma City,185500,33
451,73122,2.0,3.0,1604.0,Oklahoma City,205000,50
452,73122,1.0,3.0,764.0,Oklahoma City,90000,45
453,73122,2.0,3.0,1624.0,Oklahoma City,202500,42
454,73122,3.0,4.0,2157.0,Oklahoma City,247000,50
455,73122,1.0,1.0,584.0,Oklahoma City,75000,36
456,73122,2.0,2.0,1640.0,Oklahoma City,125000,43
457,73122,,,,Oklahoma City,600000,34
458,73122,2.0,2.0,988.0,Oklahoma City,94000,32
459,73122,2.5,4.0,3028.0,Oklahoma City,90000,40
460,73122,1.0,3.0,738.0,Oklahoma City,80000,40
461,73122,3.0,3.0,1695.0,Oklahoma City,222000,44
462,73122,1.5,3.0,1082.0,Oklahoma City,102500,41
463,73122,1.5,3.0,1598.0,Oklahoma City,157000,38
464,73122,1.75,3.0,2091.0,Oklahoma City,95000,39
465,73122,1.5,3.0,1131.0,Oklahoma City,75000,41
466,73122,2.0,3.0,1713.0,Oklahoma City,235000,35
467,73127,2.0,3.0,1784.0,Oklahoma City,169900,36
468,73127,2.0,3.0,1576.0,Oklahoma City,215000,43
469,73127,2.0,3.0,1708.0,Oklahoma City,225000,42
470,73127,3.0,3.0,1689.0,Oklahoma City,250000,37
471,73127,2.0,3.0,1062.0,Oklahoma City,168000,39
472,73127,2.0,3.0,1359.0,Oklahoma City,189000,38
473,73127,1.0,2.0,916.0,Oklahoma City,110000,47
474,73127,1.5,3.0,1932.0,Oklahoma City,180000,31
475,73127,3.0,4.0,1985.0,Oklahoma City,211000,34
476,73127,2.0,3.0,1908.0,Oklahoma City,122000,34
477,73127,4.0,5.0,4914.0,Oklahoma City,534000,35
478,73127,2.0,2.0,1284.0,Oklahoma City,105000,48
479,73127,2.0,3.0,1619.0,Oklahoma City,170350,37
480,73127,4.0,4.0,3355.0,Oklahoma City,434900,45
481,73127,2.0,3.0,1650.0,Oklahoma City,140000,42
482,73127,2.0,4.0,1312.0,Oklahoma City,197000,30
483,73127,2.0,3.0,1276.0,Oklahoma City,75000,49
484,73127,3.0,3.0,2617.0,Oklahoma City,245000,46
485,73127,2.0,3.0,1168.0,Oklahoma City,142000,36
486,73127,2.0,3.0,1450.0,Oklahoma City,160000,42
487,73127,3.0,3.0,1953.0,Oklahoma City,285000,33
488,73127,1.0,1.0,560.0,Oklahoma City,25000,33
489,73127,2.0,3.0,1306.0,Oklahoma City,225000,35
490,73127,2.0,3.0,1698.0,Oklahoma City,100000,48
491,73127,2.0,3.0,1479.0,Oklahoma City,220000,41
492,73127,1.5,3.0,1100.0,Oklahoma City,70000,36
493,73127,1.0,2.0,1436.0,Oklahoma City,117000,48
494,73127,1.0,3.0,1452.0,Oklahoma City,220000,36
495,73127,2.0,3.0,1228.0,Oklahoma City,199900,32
496,73127,1.0,2.0,852.0,Oklahoma City,142000,42
497,73127,2.0,3.0,1797.0,Oklahoma City,185000,42
498,73127,2.0,3.0,1233.0,Oklahoma City,205000,47
499,73127,1.5,3.0,1100.0,Oklahoma City,45000,49
500,73127,3.0,5.0,3404.0,Oklahoma City,450000,37
501,73127,3.0,4.0,2183.0,Oklahoma City,245000,38
502,73127,2.0,3.0,1100.0,Oklahoma City,90000,36
503,73127,3.0,4.0,3024.0,Oklahoma City,360000,30
504,73127,1.0,2.0,1423.0,Oklahoma City,135000,32
505,73127,2.0,3.0,1379.0,Oklahoma City,202000,42
506,73127,2.0,3.0,1141.0,Oklahoma City,182500,46
507,73128,1.0,4.0,1356.0,Oklahoma City,68000,30
508,73128,3.0,4.0,3212.0,Oklahoma City,420000,35
509,73128,3.0,4.0,2835.0,Oklahoma City,393300,50
510,73128,1.0,2.0,860.0,Oklahoma City,215000,35
511,73128,2.0,3.0,1442.0,Oklahoma City,235000,41
512,73128,2.0,3.0,1334.0,Oklahoma City,223000,42
513,73128,2.0,3.0,1855.0,Oklahoma City,260500,42
514,73128,2.0,3.0,1722.0,Oklahoma City,250000,44
515,73128,2.0,3.0,1602.0,Oklahoma City,260000,50
516,73128,2.0,3.0,1334.0,Oklahoma City,225500,45
517,73128,2.0,3.0,1404.0,Oklahoma City,197000,50
518,73128,,,,Oklahoma City,88000,40
519,73128,1.0,3.0,858.0,Oklahoma City,133000,34
520,73128,2.0,4.0,1869.0,Oklahoma City,250000,33
521,73128,2.0,3.0,1232.0,Oklahoma City,210000,32
522,73128,4.0,4.0,3522.0,Oklahoma City,568800,48
523,73128,3.0,5.0,3881.0,Oklahoma City,520000,49
524,73128,2.0,3.0,1472.0,Oklahoma City,235000,47
525,73128,2.0,3.0,1423.0,Oklahoma City,230000,44
526,73128,2.0,3.0,1232.0,Oklahoma City,205000,38
527,73128,,,,Oklahoma City,242500,46
528,73128,2.0,3.0,1232.0,Oklahoma City,213000,43
529,73128,2.0,3.0,1302.0,Oklahoma City,227753,44
530,73128,3.0,4.0,3217.0,Oklahoma City,384999,30
531,73128,2.0,4.0,1847.0,Oklahoma City,252498,50
532,73128,2.0,3.0,1522.0,Oklahoma City,242148,32
533,73128,2.0,3.0,1602.0,Oklahoma City,268097,45
534,73128,2.0,4.0,1720.0,Oklahoma City,247124,40
535,73128,4.0,4.0,3700.0,Oklahoma City,421000,41
536,73128,2.0,3.0,1602.0,Oklahoma City,265000,39
537,73128,2.0,3.0,1475.0,Oklahoma City,237900,45
538,73128,2.0,3.0,1271.0,Oklahoma City,200000,37
539,73128,2.0,4.0,1996.0,Oklahoma City,275000,35
540,73128,2.0,3.0,1522.0,Oklahoma City,246984,41
541,73128,3.0,4.0,2536.0,Oklahoma City,500000,50
542,73128,2.0,3.0,1602.0,Oklahoma City,260779,37
543,73128,3.0,4.0,3550.0,Oklahoma City,460000,33
544,73128,3.0,4.0,2642.0,Oklahoma City,358000,37
545,73128,1.0,2.0,720.0,Oklahoma City,150000,47
546,73128,2.0,4.0,1496.0,Oklahoma City,262000,34
547,73128,2.0,3.0,1230.0,Oklahoma City,197500,38
548,73131,4.0,5.0,3577.0,Oklahoma City,500000,33
549,73131,0.0,3.0,2681.0,Oklahoma City,730000,46
550,73131,,,,Oklahoma City,317000,38
551,73131,2.0,3.0,1535.0,Oklahoma City,219000,30
552,73131,,,,Oklahoma City,275000,50
553,73131,5.0,4.0,5110.0,Oklahoma City,265000,49
554,73131,4.0,8.0,2810.0,Oklahoma City,485000,42
555,73131,3.0,3.0,2209.0,Oklahoma City,324900,45
556,73131,,,,Oklahoma City,720000,42
557,73131,3.0,4.0,3556.0,Oklahoma City,635000,43
558,73131,2.0,3.0,2045.0,Oklahoma City,332000,32
559,73131,3.0,4.0,1801.0,Oklahoma City,324000,35
560,73131,3.0,3.0,3655.0,Oklahoma City,778654,47
561,73131,3.0,3.0,2826.0,Oklahoma City,459000,48
562,73131,2.5,3.0,2263.0,Oklahoma City,331000,34
563,73131,3.0,4.0,2903.0,Oklahoma City,404000,44
564,73131,3.0,3.0,2280.0,Oklahoma City,330900,31
565,73131,5.0,4.0,5783.0,Oklahoma City,1725000,39
566,73131,6.0,4.0,5783.0,Oklahoma City,1725000,47
567,73131,3.0,4.0,4555.0,Oklahoma City,1075000,42
568,73131,4.0,5.0,3536.0,Oklahoma City,410000,34
569,73131,,,,Oklahoma City,5000,30
570,73131,3.0,4.0,3254.0,Oklahoma City,660000,30
571,73131,4.0,5.0,3055.0,Oklahoma City,651000,47
572,73131,4.0,4.0,2550.0,Oklahoma City,577719,44
573,73131,2.0,2.0,2550.0,Oklahoma City,450000,46
574,73131,2.0,3.0,1991.0,Oklahoma City,328000,40
575,73131,3.5,4.0,3695.0,Oklahoma City,535000,50
576,73131,4.0,4.0,3780.0,Oklahoma City,875000,46
577,73131,3.0,3.0,1836.0,Oklahoma City,335000,42
578,73131,3.0,4.0,2995.0,Oklahoma City,17000,30
579,73131,3.0,4.0,2631.0,Oklahoma City,372500,31
580,73131,3.0,4.0,2482.0,Oklahoma City,403500,38
581,73131,1.75,3.0,2240.0,Oklahoma City,1250000,32
582,73131,2.0,3.0,2495.0,Oklahoma City,339150,30
583,73131,,,,Oklahoma City,295000,50
584,73131,3.0,5.0,3003.0,Oklahoma City,460000,45
585,73131,,,,Oklahoma City,250000,35
586,73131,3.0,3.0,2122.0,Oklahoma City,365000,46
587,73131,,,,Oklahoma City,160000,34
588,73131,,,,Oklahoma City,307000,34
589,73129,2.0,3.0,870.0,Oklahoma City,77500,35
590,73129,1.0,2.0,758.0,Oklahoma City,80000,32
591,73129,1.0,3.0,1226.0,Oklahoma City,45000,50
592,73129,1.0,2.0,704.0,Oklahoma City,37000,34
593,73129,,,,Oklahoma City,65000,50
594,73129,1.0,2.0,672.0,Oklahoma City,55000,34
595,73129,1.0,3.0,960.0,Oklahoma City,108000,39
596,73129,4.0,8.0,3240.0,Oklahoma City,145000,39
597,73129,1.0,2.0,801.0,Oklahoma City,15000,48
598,73129,,,,Oklahoma City,15000,46
599,73129,,,,Oklahoma City,15000,50
600,73129,,,,Oklahoma City,11500,43
601,73129,1.0,3.0,1440.0,Oklahoma City,11500,38
602,73129,1.0,3.0,1120.0,Oklahoma City,150000,43
603,73129,,,,Oklahoma City,11500,30
604,73129,,,,Oklahoma City,11500,48
605,73129,1.0,2.0,890.0,Oklahoma City,14000,42
606,73129,2.0,4.0,1936.0,Oklahoma City,14000,42
607,73129,1.0,3.0,824.0,Oklahoma City,110000,33
608,73129,2.0,3.0,1494.0,Oklahoma City,150000,30
609,73129,2.0,3.0,949.0,Oklahoma City,130000,46
610,73129,,,,Oklahoma City,180000,37
611,73129,1.0,3.0,912.0,Oklahoma City,146900,31
612,73129,,,,Oklahoma City,40000,37
613,73129,1.0,2.0,572.0,Oklahoma City,28748,36
614,73129,,,8777.0,Oklahoma City,1025000,31
615,73129,,,,Oklahoma City,112000,32
616,73129,1.0,2.0,744.0,Oklahoma City,48000,47
617,73129,2.0,3.0,1257.0,Oklahoma City,179900,41
618,73129,1.0,2.0,658.0,Oklahoma City,35000,30
619,73129,1.5,3.0,1015.0,Oklahoma City,80000,41
620,73129,1.5,3.0,900.0,Oklahoma City,80000,34
621,73129,1.0,2.0,810.0,Oklahoma City,80000,46
622,73129,1.0,2.0,1208.0,Oklahoma City,45000,45
623,73129,1.0,2.0,836.0,Oklahoma City,155900,44
624,73129,1.0,2.0,768.0,Oklahoma City,110000,44
625,73129,1.0,2.0,1049.0,Oklahoma City,215000,34
626,73129,2.0,3.0,1489.0,Oklahoma City,252000,50
627,73129,2.0,3.0,1035.0,Oklahoma City,92500,43
628,73129,1.75,2.0,696.0,Oklahoma City,18000,31
629,73129,,,,Oklahoma City,300000,40
630,73130,2.0,3.0,1655.0,Oklahoma City,174500,48
631,73130,,,,Oklahoma City,100000,48
632,73130,,,,Oklahoma City,100000,31
633,73130,,,,Oklahoma City,19000,49
634,73130,1.0,3.0,1136.0,Oklahoma City,155000,34
635,73130,2.0,3.0,1472.0,Oklahoma City,215999,39
636,73130,2.0,4.0,1944.0,Oklahoma City,357900,35
637,73103,1.0,2.0,1117.0,Oklahoma City,181900,33
638,73103,3.0,3.0,1279.0,Oklahoma City,210000,37
639,73103,1.0,2.0,1114.0,Oklahoma City,267500,33
640,73103,4.0,4.0,4104.0,Oklahoma City,590000,32
641,73103,4.0,4.0,4119.0,Oklahoma City,1450000,32
642,73103,2.0,3.0,1352.0,Oklahoma City,245000,47
643,73103,3.0,3.0,1678.0,Oklahoma City,307500,48
644,73103,2.0,3.0,1567.0,Oklahoma City,439000,48
645,73103,2.0,3.0,1231.0,Oklahoma City,339750,50
646,73103,1.0,2.0,1110.0,Oklahoma City,305000,34
647,73103,3.0,3.0,2559.0,Oklahoma City,750000,47
648,73103,1.0,2.0,1484.0,Oklahoma City,249900,39
649,73103,3.0,4.0,2208.0,Oklahoma City,621670,50
650,73103,1.0,1.0,874.0,Oklahoma City,250000,35
651,73103,2.0,4.0,2118.0,Oklahoma City,470000,30
652,73103,2.0,4.0,2956.0,Oklahoma City,599000,34
653,73103,2.0,2.0,1528.0,Oklahoma City,275000,38
654,73103,3.0,2.0,1727.0,Oklahoma City,465000,41
655,73103,3.0,3.0,2200.0,Oklahoma City,620000,43
656,73103,2.0,2.0,956.0,Oklahoma City,268000,31
657,73103,4.0,4.0,3031.0,Oklahoma City,840000,46
658,73103,2.0,3.0,1716.0,Oklahoma City,455000,43
659,73103,1.0,3.0,1000.0,Oklahoma City,175000,42
660,73103,2.0,3.0,1060.0,Oklahoma City,120000,38
661,73103,2.0,3.0,1280.0,Oklahoma City,295000,44
662,73103,3.0,3.0,1944.0,Oklahoma City,571400,44
663,73103,3.0,3.0,3121.0,Oklahoma City,1000000,40
664,73103,3.0,4.0,3402.0,Oklahoma City,597000,46
665,73103,2.0,3.0,1373.0,Oklahoma City,280000,33
666,73103,4.0,3.0,2139.0,Oklahoma City,530000,30
667,73103,3.0,3.0,3010.0,Oklahoma City,900000,37
668,73103,1.0,2.0,1144.0,Oklahoma City,500000,46
669,73103,5.0,4.0,3259.0,Oklahoma City,775000,32
670,73103,2.0,3.0,1464.0,Oklahoma City,375000,49
671,73103,1.0,2.0,1286.0,Oklahoma City,279900,44
672,73103,1.0,3.0,1377.0,Oklahoma City,399900,44
673,73103,,,,Oklahoma City,90000,43
674,73103,2.0,3.0,1880.0,Oklahoma City,440000,43
675,73103,2.0,2.0,1828.0,Oklahoma City,343400,31
676,73103,2.0,4.0,2494.0,Oklahoma City,420000,42
677,73102,6.0,4.0,3651.0,Oklahoma City,1150000,43
678,73102,2.0,2.0,1254.0,Oklahoma City,175000,48
679,73102,5.0,4.0,4198.0,Oklahoma City,1325000,36
680,73102,3.0,2.0,1603.0,Oklahoma City,447000,32
681,73102,2.0,2.0,1254.0,Oklahoma City,235000,44
682,73102,2.0,2.0,1254.0,Oklahoma City,170000,43
683,73102,2.0,2.0,1254.0,Oklahoma City,229000,40
684,73102,,,,Oklahoma City,230000,44
685,73102,,,,Oklahoma City,230000,42
686,73102,4.0,8.0,2956.0,Oklahoma City,487500,47
687,73102,2.0,2.0,1538.0,Oklahoma City,579982,35
688,73102,2.0,2.0,1254.0,Oklahoma City,318000,32
689,73102,2.0,2.0,1254.0,Oklahoma City,193500,48
690,73102,,,,Oklahoma City,300000,44
691,73102,2.0,2.0,1526.0,Oklahoma City,559000,34
692,73102,2.0,2.0,1526.0,Oklahoma City,559000,39
693,73102,,,,Oklahoma City,207500,36
694,73102,3.0,2.0,1568.0,Oklahoma City,470000,46
695,73102,2.0,2.0,1254.0,Oklahoma City,202500,36
696,73102,2.0,2.0,1254.0,Oklahoma City,190000,41
697,73102,2.0,2.0,1254.0,Oklahoma City,205000,46
698,73102,1.0,1.0,600.0,Oklahoma City,50000,42
699,73132,3.0,4.0,3240.0,Oklahoma City,290000,49
700,73132,,,,Oklahoma City,57500,33
701,73132,2.0,3.0,1596.0,Oklahoma City,203900,39
702,73132,2.0,3.0,1875.0,Oklahoma City,323700,32
703,73132,,,,Oklahoma City,192500,38
704,73132,2.0,3.0,1410.0,Oklahoma City,210000,47
705,73132,2.0,3.0,1718.0,Oklahoma City,220000,44
706,73132,3.0,4.0,2260.0,Oklahoma City,282000,44
707,73132,2.0,4.0,2435.0,Oklahoma City,410000,31
708,73132,3.0,4.0,2042.0,Oklahoma City,296990,44
709,73132,2.0,3.0,2068.0,Oklahoma City,264000,37
710,73132,1.0,3.0,1136.0,Oklahoma City,65000,37
711,73132,3.0,4.0,2342.0,Oklahoma City,260000,46
712,73132,3.0,4.0,2597.0,Oklahoma City,305000,41
713,73132,2.0,3.0,1588.0,Oklahoma City,168000,48
714,73132,2.0,3.0,1781.0,Oklahoma City,238000,39
715,73132,2.0,3.0,1462.0,Oklahoma City,220000,38
716,73132,2.0,2.0,1117.0,Oklahoma City,110000,34
717,73132,2.0,4.0,1823.0,Oklahoma City,312000,35
718,73132,4.0,3.0,2517.0,Oklahoma City,389900,49
719,73132,2.0,3.0,1574.0,Oklahoma City,291990,31
720,73132,,,,Oklahoma City,290000,42
721,73132,2.0,3.0,1689.0,Oklahoma City,289990,35
722,73132,2.0,3.0,1650.0,Oklahoma City,248995,34
723,73132,2.0,3.0,2035.0,Oklahoma City,270000,30
724,73132,3.0,3.0,2121.0,Oklahoma City,326500,50
725,73132,3.0,3.0,1520.0,Oklahoma City,130000,50
726,73132,2.0,3.0,2074.0,Oklahoma City,285000,35
727,73132,2.0,3.0,1689.0,Oklahoma City,289990,35
728,73132,2.0,3.0,1394.0,Oklahoma City,200000,45
729,73132,2.0,3.0,1201.0,Oklahoma City,218000,33
730,73132,2.0,3.0,1543.0,Oklahoma City,290590,40
731,73132,2.0,3.0,1575.0,Oklahoma City,261890,38
732,73132,2.0,4.0,2061.0,Oklahoma City,270000,32
733,73132,2.0,3.0,1956.0,Oklahoma City,284950,48
734,73132,3.0,3.0,2418.0,Oklahoma City,237500,37
735,73132,3.0,4.0,2292.0,Oklahoma City,263500,34
736,73132,2.0,3.0,2190.0,Oklahoma City,314000,33
737,73132,2.0,3.0,2106.0,Oklahoma City,248400,35
738,73106,2.0,3.0,1339.0,Oklahoma City,237900,31
739,73106,2.0,3.0,1547.0,Oklahoma City,90000,49
740,73106,3.0,3.0,2140.0,Oklahoma City,685000,40
741,73106,1.0,2.0,985.0,Oklahoma City,190000,33
742,73106,4.0,4.0,4418.0,Oklahoma City,1950000,44
743,73106,,,,Oklahoma City,150000,35
744,73106,,,,Oklahoma City,150000,46
745,73106,1.0,2.0,936.0,Oklahoma City,90000,35
746,73106,1.0,3.0,981.0,Oklahoma City,90000,48
747,73106,2.0,3.0,1534.0,Oklahoma City,365000,31
748,73106,2.0,4.0,2225.0,Oklahoma City,313000,44
749,73106,2.0,5.0,1998.0,Oklahoma City,375000,40
750,73106,1.0,2.0,1006.0,Oklahoma City,193900,37
751,73106,,,,Oklahoma City,25000,48
752,73106,1.0,2.0,1023.0,Oklahoma City,25000,42
753,73106,,,,Oklahoma City,315000,41
754,73106,1.0,2.0,936.0,Oklahoma City,175000,34
755,73106,1.0,3.0,1344.0,Oklahoma City,145000,35
756,73106,1.0,1.0,760.0,Oklahoma City,125000,33
757,73106,3.0,3.0,2973.0,Oklahoma City,535275,48
758,73106,2.0,3.0,1887.0,Oklahoma City,405000,49
759,73106,2.0,4.0,,Oklahoma City,200000,30
760,73106,1.0,2.0,14846.0,Oklahoma City,1150000,49
761,73106,2.75,4.0,2474.0,Oklahoma City,157500,46
762,73106,1.0,3.0,1250.0,Oklahoma City,99000,41
763,73106,3.0,3.0,1942.0,Oklahoma City,465000,44
764,73106,2.0,3.0,1700.0,Oklahoma City,260000,30
765,73106,3.0,3.0,2049.0,Oklahoma City,250000,43
766,73106,1.0,2.0,1006.0,Oklahoma City,75000,35
767,73106,1.0,2.0,1093.0,Oklahoma City,160000,34
768,73106,1.0,2.0,1008.0,Oklahoma City,210000,40
769,73106,3.0,3.0,2498.0,Oklahoma City,385000,33
770,73106,2.0,4.0,1530.0,Oklahoma City,299000,42
771,73106,,,4560.0,Oklahoma City,495000,40
772,73106,,,,Oklahoma City,75000,32
773,73106,4.0,4.0,2846.0,Oklahoma City,500000,30
774,73106,1.0,2.0,819.0,Oklahoma City,118000,35
775,73106,2.0,3.0,1642.0,Oklahoma City,250000,47
776,73106,1.0,2.0,1002.0,Oklahoma City,94000,39
777,73106,2.0,3.0,1851.0,Oklahoma City,345000,34
778,73106,1.0,2.0,853.0,Oklahoma City,119000,39
779,73105,2.0,2.0,1342.0,Oklahoma City,181000,41
780,73105,2.0,2.0,1052.0,Oklahoma City,45000,31
781,73105,,,,Oklahoma City,100000,42
782,73105,2.0,2.0,980.0,Oklahoma City,175000,37
783,73105,1.5,3.0,1471.0,Oklahoma City,118000,31
784,73105,2.0,4.0,1630.0,Oklahoma City,172000,49
785,73105,3.0,3.0,2300.0,Oklahoma City,550000,30
786,73105,,,6000.0,Oklahoma City,450000,34
787,73105,1.0,3.0,1773.0,Oklahoma City,279000,38
788,73105,1.0,4.0,1466.0,Oklahoma City,130000,46
789,73105,2.0,3.0,1311.0,Oklahoma City,139175,38
790,73105,,,,Oklahoma City,1000,40
791,73105,,,,Oklahoma City,1000,44
792,73105,,,,Oklahoma City,1000,35
793,73105,,,,Oklahoma City,1000,32
794,73105,,,,Oklahoma City,1000,46
795,73105,3.0,3.0,2271.0,Oklahoma City,439900,34
796,73105,2.0,4.0,1705.0,Oklahoma City,200000,41
797,73105,1.0,2.0,720.0,Oklahoma City,45000,47
798,73105,2.0,3.0,1395.0,Oklahoma City,210000,43
799,73105,2.0,3.0,2480.0,Oklahoma City,475000,50
800,73105,1.0,3.0,1405.0,Oklahoma City,210000,40
801,73105,2.0,3.0,1386.0,Oklahoma City,200000,38
802,73105,3.0,3.0,1530.0,Oklahoma City,229900,31
803,73105,,,,Oklahoma City,83000,41
804,73105,1.0,3.0,1762.0,Oklahoma City,350000,32
805,73105,1.0,2.0,915.0,Oklahoma City,53000,32
806,73105,3.0,2.0,1470.0,Oklahoma City,222900,30
807,73105,4.0,6.0,2586.0,Oklahoma City,475000,37
808,73105,1.5,3.0,1090.0,Oklahoma City,95287,37
809,73105,4.0,4.0,4399.0,Oklahoma City,1100000,40
810,73105,2.0,4.0,2121.0,Oklahoma City,220000,38
811,73105,1.5,3.0,1047.0,Oklahoma City,110000,34
812,73105,2.0,3.0,1262.0,Oklahoma City,133500,43
813,73105,2.0,3.0,1783.0,Oklahoma City,330000,32
814,73105,2.0,2.0,1536.0,Oklahoma City,345000,50
815,73105,1.0,4.0,1750.0,Oklahoma City,150000,34
816,73105,,,,Oklahoma City,230000,34
817,73105,2.0,3.0,2246.0,Oklahoma City,300000,48
818,73105,1.0,3.0,960.0,Oklahoma City,62500,43
819,73105,1.75,1.0,702.0,Oklahoma City,189000,33
820,73108,3.0,3.0,1939.0,Oklahoma City,615000,42
821,73108,1.0,1.0,728.0,Oklahoma City,31000,39
822,73108,1.0,2.0,888.0,Oklahoma City,55000,47
823,73108,,,,Oklahoma City,32000,37
824,73108,1.0,1.0,756.0,Oklahoma City,275000,37
825,73108,3.0,3.0,1897.0,Oklahoma City,575000,36
826,73108,2.0,2.0,906.0,Oklahoma City,315000,37
827,73108,1.0,2.0,703.0,Oklahoma City,37000,43
828,73108,3.0,3.0,1405.0,Oklahoma City,65000,48
829,73108,2.0,2.0,906.0,Oklahoma City,310000,35
830,73108,,,,Oklahoma City,166000,30
831,73108,1.0,3.0,1478.0,Oklahoma City,90000,44
832,73108,,,,Oklahoma City,8000,30
833,73108,1.0,2.0,1001.0,Oklahoma City,45000,46
834,73108,2.0,2.0,1164.0,Oklahoma City,115000,30
835,73108,2.0,2.0,906.0,Oklahoma City,310000,44
836,73108,3.0,3.0,2065.0,Oklahoma City,685000,31
837,73108,3.0,3.0,1830.0,Oklahoma City,550000,43
838,73108,2.0,2.0,906.0,Oklahoma City,310000,50
839,73108,1.0,2.0,734.0,Oklahoma City,20000,37
840,73108,1.0,2.0,858.0,Oklahoma City,85000,37
841,73108,4.0,5.0,2976.0,Oklahoma City,960000,48
842,73108,2.0,2.0,906.0,Oklahoma City,310000,36
843,73108,1.0,2.0,856.0,Oklahoma City,119000,48
844,73108,1.0,4.0,1659.0,Oklahoma City,115000,35
845,73108,2.0,3.0,1530.0,Oklahoma City,80000,35
846,73108,1.0,2.0,952.0,Oklahoma City,162000,32
847,73108,2.0,2.0,918.0,Oklahoma City,300000,36
848,73108,1.0,3.0,1380.0,Oklahoma City,67500,48
849,73108,2.0,3.0,1130.0,Oklahoma City,78500,37
850,73108,1.0,2.0,875.0,Oklahoma City,40000,39
851,73108,1.0,1.0,594.0,Oklahoma City,70000,49
852,73108,,,,Oklahoma City,35000,44
853,73108,4.0,5.0,2779.0,Oklahoma City,674000,44
854,73108,1.0,3.0,936.0,Oklahoma City,175000,30
855,73108,2.0,2.0,906.0,Oklahoma City,305000,49
856,73108,1.0,3.0,1008.0,Oklahoma City,23000,36
857,73108,1.0,2.0,616.0,Oklahoma City,9000,33
858,73108,2.0,1.0,875.0,Oklahoma City,12000,35
859,73108,1.0,3.0,1002.0,Oklahoma City,8000,30
860,73108,1.0,2.0,640.0,Oklahoma City,17500,34
861,73135,2.0,3.0,1096.0,Oklahoma City,101000,30
862,73135,2.0,2.0,1119.0,Oklahoma City,79000,33
863,73135,2.0,3.0,1446.0,Oklahoma City,203000,31
864,73135,2.0,4.0,2010.0,Oklahoma City,239900,39
865,73135,2.0,3.0,1052.0,Oklahoma City,166000,34
866,73135,2.0,3.0,1035.0,Oklahoma City,155000,39
867,73135,2.0,3.0,1442.0,Oklahoma City,175000,30
868,73135,1.75,3.0,1052.0,Oklahoma City,71867,42
869,73135,2.0,4.0,1749.0,Oklahoma City,227500,44
870,73135,2.0,3.0,1241.0,Oklahoma City,175000,33
871,73135,2.0,3.0,1799.0,Oklahoma City,239900,42
872,73135,2.0,3.0,1563.0,Oklahoma City,125000,49
873,73135,2.0,3.0,1974.0,Oklahoma City,325000,44
874,73135,2.0,4.0,1022.0,Oklahoma City,96400,37
875,73135,2.0,3.0,1476.0,Oklahoma City,172000,34
876,73135,2.0,3.0,1815.0,Oklahoma City,293000,33
877,73135,2.0,3.0,1672.0,Oklahoma City,229900,41
878,73135,2.0,4.0,1837.0,Oklahoma City,154000,42
879,73135,2.0,3.0,1295.0,Oklahoma City,210500,31
880,73135,2.0,3.0,1762.0,Oklahoma City,235000,48
881,73135,2.0,3.0,1342.0,Oklahoma City,178000,48
882,73135,2.0,3.0,1528.0,Oklahoma City,210000,33
883,73135,2.0,3.0,1815.0,Oklahoma City,293000,33
884,73135,2.0,3.0,1496.0,Oklahoma City,285000,40
885,73135,2.0,3.0,1206.0,Oklahoma City,210000,34
886,73135,2.0,3.0,1176.0,Oklahoma City,170000,49
887,73135,2.0,3.0,1868.0,Oklahoma City,260000,40
888,73135,1.5,3.0,1040.0,Oklahoma City,91500,39
889,73135,2.0,3.0,1819.0,Oklahoma City,290000,37
890,73135,2.0,3.0,1176.0,Oklahoma City,192000,44
891,73135,2.0,4.0,1954.0,Oklahoma City,250000,43
892,73135,2.0,3.0,1627.0,Oklahoma City,248000,40
893,73135,2.0,4.0,2002.0,Oklahoma City,269000,41
894,73135,2.0,3.0,1332.0,Oklahoma City,182500,42
895,73135,2.0,3.0,2029.0,Oklahoma City,45000,37
896,73135,,,,Oklahoma City,45000,47
897,73139,1.0,2.0,829.0,Oklahoma City,164900,30
898,73139,1.0,1.0,829.0,Oklahoma City,139900,44
899,73139,2.0,3.0,1285.0,Oklahoma City,189900,37
900,73139,2.0,3.0,1370.0,Oklahoma City,183000,40
901,73139,2.0,3.0,2325.0,Oklahoma City,80000,41
902,73139,2.0,3.0,1717.0,Oklahoma City,125000,41
903,73139,3.0,3.0,1400.0,Oklahoma City,165000,33
904,73139,3.0,3.0,2118.0,Oklahoma City,134000,45
905,73139,2.0,3.0,2098.0,Oklahoma City,192500,33
906,73139,2.0,3.0,1461.0,Oklahoma City,189000,34
907,73139,2.0,3.0,1363.0,Oklahoma City,195000,34
908,73139,2.0,3.0,1698.0,Oklahoma City,180000,37
909,73139,1.0,4.0,1166.0,Oklahoma City,190000,39
910,73139,2.0,3.0,1647.0,Oklahoma City,217500,46
911,73139,2.0,3.0,1252.0,Oklahoma City,192500,38
912,73139,1.5,3.0,1109.0,Oklahoma City,98000,48
913,73139,2.0,3.0,1412.0,Oklahoma City,214000,43
914,73139,3.0,4.0,2163.0,Oklahoma City,267900,37
915,73139,2.0,4.0,1359.0,Oklahoma City,160000,38
916,73139,3.0,3.0,2118.0,Oklahoma City,320000,40
917,73139,2.0,2.0,1527.0,Oklahoma City,235000,30
918,73139,3.0,4.0,2368.0,Oklahoma City,315000,43
919,73139,2.0,3.0,1180.0,Oklahoma City,209350,34
920,73139,2.0,3.0,1244.0,Oklahoma City,182500,50
921,73139,2.0,3.0,1799.0,Oklahoma City,229500,43
922,73139,2.0,2.0,1020.0,Oklahoma City,132000,33
923,73139,1.0,3.0,1239.0,Oklahoma City,160000,30
924,73139,2.0,3.0,1648.0,Oklahoma City,235000,48
925,73139,3.0,4.0,2785.0,Oklahoma City,340000,37
926,73139,2.0,3.0,1651.0,Oklahoma City,185000,44
927,73139,2.0,3.0,1953.0,Oklahoma City,244900,50
928,73139,2.0,3.0,1099.0,Oklahoma City,100000,44
929,73139,2.0,3.0,1932.0,Oklahoma City,225000,38
930,73139,2.0,3.0,2078.0,Oklahoma City,250000,50
931,73139,2.0,2.0,1377.0,Oklahoma City,223750,38
932,73139,2.0,3.0,1796.0,Oklahoma City,220000,39
933,73139,2.0,3.0,1030.0,Oklahoma City,187000,49
934,73139,2.0,3.0,1684.0,Oklahoma City,219900,50
935,73139,2.0,3.0,1971.0,Oklahoma City,152000,38
936,73139,1.75,3.0,1786.0,Oklahoma City,195000,32
937,73139,2.0,3.0,1287.0,Oklahoma City,175000,49
938,73107,1.0,3.0,1467.0,Oklahoma City,240000,40
939,73107,2.0,3.0,1288.0,Oklahoma City,209900,35
940,73107,1.0,4.0,1495.0,Oklahoma City,200000,31
941,73107,1.0,3.0,1073.0,Oklahoma City,185000,36
942,73107,1.0,2.0,1078.0,Oklahoma City,115000,47
943,73107,1.0,3.0,936.0,Oklahoma City,76500,31
944,73107,2.0,3.0,2005.0,Oklahoma City,215000,46
945,73107,,,,Oklahoma City,55000,40
946,73107,2.0,3.0,2068.0,Oklahoma City,244000,41
947,73107,1.0,2.0,948.0,Oklahoma City,80000,48
948,73107,1.0,2.0,1045.0,Oklahoma City,198000,36
949,73107,2.0,3.0,780.0,Oklahoma City,75000,49
950,73107,2.0,3.0,1562.0,Oklahoma City,330000,35
951,73107,2.0,3.0,1240.0,Oklahoma City,175000,50
952,73107,2.0,3.0,1932.0,Oklahoma City,225000,30
953,73107,1.0,2.0,1312.0,Oklahoma City,189900,46
954,73107,2.0,3.0,1800.0,Oklahoma City,300000,40
955,73107,1.0,2.0,1020.0,Oklahoma City,162000,47
956,73107,1.0,2.0,1004.0,Oklahoma City,154000,50
957,73107,2.0,3.0,1779.0,Oklahoma City,165000,46
958,73107,1.0,2.0,834.0,Oklahoma City,132500,36
959,73107,1.0,2.0,952.0,Oklahoma City,115000,46
960,73107,1.0,2.0,1038.0,Oklahoma City,65000,49
961,73107,1.0,2.0,1126.0,Oklahoma City,234900,38
962,73107,2.0,3.0,2260.0,Oklahoma City,170000,46
963,73107,3.0,3.0,1849.0,Oklahoma City,364850,49
964,73107,3.0,3.0,1849.0,Oklahoma City,364850,37
965,73107,1.0,3.0,902.0,Oklahoma City,125000,46
966,73107,2.0,3.0,1827.0,Oklahoma City,268400,36
967,73107,2.0,3.0,1100.0,Oklahoma City,153200,30
968,73107,1.0,2.0,764.0,Oklahoma City,144000,42
969,73107,1.0,2.0,711.0,Oklahoma City,129000,48
970,73107,1.0,2.0,852.0,Oklahoma City,72500,48
971,73107,2.0,2.0,1444.0,Oklahoma City,198000,46
972,73107,1.0,3.0,1117.0,Oklahoma City,129500,42
973,73107,1.0,2.0,1003.0,Oklahoma City,178000,45
974,73107,4.0,12.0,3050.0,Oklahoma City,520000,37
975,73107,2.0,2.0,940.0,Oklahoma City,189900,48
976,73107,1.0,2.0,1450.0,Oklahoma City,232000,47
977,73107,1.0,2.0,804.0,Oklahoma City,135000,30
978,73107,1.0,2.0,672.0,Oklahoma City,70000,43
979,73109,1.0,2.0,1289.0,Oklahoma City,130000,48
980,73109,1.0,3.0,1784.0,Oklahoma City,162000,44
981,73109,1.0,2.0,886.0,Oklahoma City,22000,47
982,73109,,,,Oklahoma City,22000,31
983,73109,2.0,4.0,1440.0,Oklahoma City,217000,46
984,73109,1.0,2.0,985.0,Oklahoma City,175000,47
985,73109,2.0,3.0,1435.0,Oklahoma City,155000,35
986,73109,,,,Oklahoma City,270000,48
987,73109,1.0,2.0,864.0,Oklahoma City,101000,33
988,73109,1.0,3.0,1005.0,Oklahoma City,145000,30
989,73109,3.0,3.0,1864.0,Oklahoma City,200000,37
990,73109,2.0,3.0,1804.0,Oklahoma City,165000,36
991,73109,2.0,3.0,2660.0,Oklahoma City,41000,32
992,73109,,,,Oklahoma City,41000,39
993,73109,1.0,2.0,860.0,Oklahoma City,106000,39
994,73109,2.0,3.0,959.0,Oklahoma City,190000,48
995,73109,1.0,3.0,1140.0,Oklahoma City,115000,43
996,73109,1.0,2.0,784.0,Oklahoma City,97850,31
997,73109,1.0,2.0,1008.0,Oklahoma City,43000,30
998,73109,2.0,3.0,1580.0,Oklahoma City,218500,47
999,73109,1.0,3.0,1450.0,Oklahoma City,97500,36
1000,73109,2.0,4.0,2133.0,Oklahoma City,105000,37
1001,73109,1.0,2.0,1065.0,Oklahoma City,65000,30
1002,73109,1.0,2.0,1014.0,Oklahoma City,75000,32
1003,73109,1.0,2.0,562.0,Oklahoma City,60000,37
1004,73109,1.0,2.0,1056.0,Oklahoma City,148000,44
1005,73109,1.0,2.0,1142.0,Oklahoma City,73500,34
1006,73109,1.0,3.0,1008.0,Oklahoma City,35254,32
1007,73109,1.0,2.0,780.0,Oklahoma City,118000,48
1008,73109,1.0,2.0,713.0,Oklahoma City,95000,30
1009,73109,1.0,2.0,864.0,Oklahoma City,55000,44
1010,73109,1.0,2.0,795.0,Oklahoma City,135000,37
1011,73109,1.0,2.0,764.0,Oklahoma City,136475,31
1012,73109,1.0,2.0,1190.0,Oklahoma City,149900,32
1013,73109,1.0,3.0,1518.0,Oklahoma City,165000,43
1014,73109,1.5,3.0,1313.0,Oklahoma City,105500,43
1015,73109,2.0,4.0,2000.0,Oklahoma City,136000,40
1016,73109,1.75,3.0,1508.0,Oklahoma City,107000,45
1017,73109,1.0,2.0,1056.0,Oklahoma City,37000,33
1018,73109,1.0,2.0,1196.0,Oklahoma City,45000,49
1019,73109,1.0,2.0,1000.0,Oklahoma City,4319,34
1020,73141,1.0,2.0,756.0,Oklahoma City,80000,50
1021,73141,2.0,3.0,1111.0,Oklahoma City,179900,43
1022,73141,1.0,3.0,1323.0,Oklahoma City,165000,45
1023,73141,1.0,3.0,806.0,Oklahoma City,40000,36
1024,73141,1.0,2.0,1036.0,Oklahoma City,188300,39
1025,73141,1.75,3.0,1196.0,Oklahoma City,109000,36
1026,73141,1.0,2.0,946.0,Oklahoma City,145000,30
1027,73141,3.0,4.0,4986.0,Oklahoma City,575000,50
1028,73141,2.0,3.0,1272.0,Oklahoma City,175000,48
1029,73141,1.0,1.0,680.0,Oklahoma City,85000,45
1030,73141,1.0,3.0,968.0,Oklahoma City,60000,48
1031,73141,1.0,2.0,720.0,Oklahoma City,8500,33
1032,73141,1.5,2.0,947.0,Oklahoma City,5750,47
1033,73141,0.0,0.0,1459.0,Oklahoma City,40250,31
1034,73141,1.0,2.0,1000.0,Oklahoma City,9450,44
1035,73141,1.0,2.0,704.0,Oklahoma City,81000,34
1036,73141,,,,Oklahoma City,81000,49
1037,73141,1.0,2.0,640.0,Oklahoma City,12000,40
1038,73141,1.0,3.0,912.0,Oklahoma City,130000,39
1039,73141,3.0,4.0,1800.0,Oklahoma City,150000,31
1040,73141,2.0,3.0,1226.0,Oklahoma City,160000,32
1041,73141,2.0,3.0,1242.0,Oklahoma City,158000,41
1042,73141,1.0,3.0,1464.0,Oklahoma City,49500,49
1043,73141,2.0,4.0,1411.0,Oklahoma City,180000,34
1044,73141,1.0,2.0,660.0,Oklahoma City,119000,34
1045,73141,1.0,3.0,1810.0,Oklahoma City,150000,35
1046,73141,2.0,4.0,1278.0,Oklahoma City,67000,38
1047,73141,2.0,4.0,1914.0,Oklahoma City,224000,31
1048,73141,1.0,2.0,700.0,Oklahoma City,95000,50
1049,73141,1.75,3.0,1344.0,Oklahoma City,115000,41
1050,73141,2.0,3.0,1105.0,Oklahoma City,81500,32
1051,73141,1.75,3.0,1320.0,Oklahoma City,154000,49
1052,73141,1.0,1.0,480.0,Oklahoma City,45000,41
1053,73141,3.0,3.0,2340.0,Oklahoma City,640000,46
1054,73141,,,,Oklahoma City,55000,39
1055,73141,,,,Oklahoma City,55000,43
1056,73141,,,,Oklahoma City,55000,46
1057,73141,3.0,4.0,3190.0,Oklahoma City,592500,47
1058,73141,2.0,2.0,1040.0,Oklahoma City,85000,48
1059,73142,7.0,5.0,5707.0,Oklahoma City,1700000,46
1060,73142,2.0,4.0,2012.0,Oklahoma City,415000,43
1061,73142,2.0,3.0,2094.0,Oklahoma City,310000,38
1062,73142,2.0,3.0,2350.0,Oklahoma City,342500,37
1063,73142,5.0,4.0,3718.0,Oklahoma City,980000,31
1064,73142,3.0,3.0,2020.0,Oklahoma City,370000,42
1065,73142,4.0,4.0,3541.0,Oklahoma City,1198500,36
1066,73142,5.0,4.0,4082.0,Oklahoma City,650000,38
1067,73142,3.0,4.0,2715.0,Oklahoma City,460000,40
1068,73142,3.0,4.0,2850.0,Oklahoma City,532500,43
1069,73142,3.0,3.0,1867.0,Oklahoma City,296000,33
1070,73142,3.0,4.0,2175.0,Oklahoma City,436000,42
1071,73142,2.0,3.0,1933.0,Oklahoma City,425000,31
1072,73142,3.0,4.0,2853.0,Oklahoma City,545000,34
1073,73142,2.0,3.0,1637.0,Oklahoma City,235000,40
1074,73142,5.0,5.0,6444.0,Oklahoma City,1700000,35
1075,73142,3.0,4.0,2173.0,Oklahoma City,289000,47
1076,73142,3.0,3.0,1926.0,Oklahoma City,205000,50
1077,73142,3.0,4.0,2649.0,Oklahoma City,439500,39
1078,73142,3.0,3.0,3705.0,Oklahoma City,748000,33
1079,73142,4.0,4.0,2858.0,Oklahoma City,572500,38
1080,73142,2.0,3.0,1616.0,Oklahoma City,191000,35
1081,73142,2.0,3.0,2244.0,Oklahoma City,265000,31
1082,73142,2.0,3.0,1709.0,Oklahoma City,272500,46
1083,73142,6.0,4.0,5935.0,Oklahoma City,1500000,34
1084,73142,3.0,4.0,2578.0,Oklahoma City,435000,35
1085,73142,3.0,4.0,2178.0,Oklahoma City,472980,41
1086,73142,5.0,4.0,4715.0,Oklahoma City,1000000,50
1087,73142,3.0,3.0,2323.0,Oklahoma City,475000,39
1088,73142,2.0,3.0,1571.0,Oklahoma City,129000,50
1089,73142,2.0,3.0,1501.0,Oklahoma City,228500,35
1090,73142,2.0,4.0,1861.0,Oklahoma City,310000,37
1091,73142,2.0,3.0,1718.0,Oklahoma City,191500,31
1092,73142,2.0,3.0,2093.0,Oklahoma City,365000,41
1093,73142,4.5,6.0,5430.0,Oklahoma City,1950000,42
1094,73142,3.0,4.0,1929.0,Oklahoma City,375000,50
1095,73142,4.0,3.0,4636.0,Oklahoma City,1225000,36
1096,73142,5.0,4.0,6903.0,Oklahoma City,995000,39
1097,73142,3.0,4.0,3161.0,Oklahoma City,541250,42
1098,73142,2.0,2.0,1566.0,Oklahoma City,161000,46
1099,73142,3.0,3.0,2373.0,Oklahoma City,412500,50
1100,73111,1.0,2.0,1041.0,Oklahoma City,125000,43
1101,73111,,,,Oklahoma City,18000,31
1102,73111,2.0,2.0,924.0,Oklahoma City,65000,40
1103,73111,1.75,3.0,1774.0,Oklahoma City,280000,30
1104,73111,2.0,3.0,1828.0,Oklahoma City,137000,48
1105,73111,2.0,3.0,1358.0,Oklahoma City,195000,50
1106,73111,1.0,3.0,1261.0,Oklahoma City,125000,33
1107,73111,1.0,3.0,1048.0,Oklahoma City,150000,48
1108,73111,2.0,4.0,1591.0,Oklahoma City,185000,50
1109,73111,2.0,3.0,1590.0,Oklahoma City,70000,40
1110,73111,2.0,3.0,1400.0,Oklahoma City,230000,37
1111,73111,1.0,2.0,1089.0,Oklahoma City,73000,40
1112,73111,2.0,4.0,1575.0,Oklahoma City,179500,33
1113,73111,1.0,3.0,1476.0,Oklahoma City,65000,46
1114,73111,1.0,2.0,720.0,Oklahoma City,75000,36
1115,73111,2.0,3.0,2086.0,Oklahoma City,240000,37
1116,73111,2.0,2.0,1272.0,Oklahoma City,160000,32
1117,73111,,,,Oklahoma City,20000,31
1118,73111,2.0,3.0,1095.0,Oklahoma City,150000,44
1119,73111,1.0,2.0,834.0,Oklahoma City,40000,34
1120,73111,1.0,3.0,1000.0,Oklahoma City,95000,30
1121,73111,2.0,3.0,1223.0,Oklahoma City,205000,33
1122,73111,2.0,3.0,1223.0,Oklahoma City,205000,44
1123,73111,1.0,2.0,1153.0,Oklahoma City,125000,49
1124,73111,2.0,2.0,1015.0,Oklahoma City,159000,48
1125,73111,1.0,2.0,903.0,Oklahoma City,163500,32
1126,73111,3.0,4.0,2300.0,Oklahoma City,350000,49
1127,73111,,,,Oklahoma City,500,40
1128,73111,2.0,3.0,1149.0,Oklahoma City,165000,46
1129,73111,2.0,3.0,1930.0,Oklahoma City,130000,42
1130,73111,1.0,3.0,1242.0,Oklahoma City,100500,40
1131,73111,2.0,3.0,1375.0,Oklahoma City,135000,31
1132,73111,2.0,3.0,1272.0,Oklahoma City,153000,38
1133,73111,1.0,3.0,960.0,Oklahoma City,75000,31
1134,73111,1.0,2.0,864.0,Oklahoma City,145000,50
1135,73111,2.0,2.0,1025.0,Oklahoma City,123500,38
1136,73111,2.0,5.0,2257.0,Oklahoma City,88000,38
1137,73111,1.0,3.0,1356.0,Oklahoma City,71000,37
1138,73111,1.0,3.0,1095.0,Oklahoma City,92000,46
1139,73111,2.0,3.0,1752.0,Oklahoma City,90000,30
1140,73111,1.0,3.0,864.0,Oklahoma City,80000,40
1141,73110,2.0,3.0,1513.0,Oklahoma City,175000,46
1142,73110,,,,Oklahoma City,28000,45
1143,73110,2.0,5.0,1372.0,Oklahoma City,167000,45
1144,73110,2.0,3.0,1256.0,Oklahoma City,180000,47
1145,73110,1.0,2.0,780.0,Oklahoma City,70000,38
1146,73110,1.0,3.0,967.0,Oklahoma City,66300,45
1147,73110,1.0,3.0,966.0,Oklahoma City,100000,46
1148,73149,1.5,3.0,920.0,Oklahoma City,60000,50
1149,73149,1.0,3.0,936.0,Oklahoma City,96000,36
1150,73149,2.0,3.0,1658.0,Oklahoma City,245000,43
1151,73149,1.0,3.0,1455.0,Oklahoma City,52000,44
1152,73149,1.0,2.0,624.0,Oklahoma City,30000,50
1153,73149,1.0,3.0,720.0,Oklahoma City,34000,36
1154,73149,1.0,4.0,1176.0,Oklahoma City,89900,38
1155,73149,2.0,3.0,1863.0,Oklahoma City,204000,48
1156,73149,3.0,4.0,2184.0,Oklahoma City,121000,45
1157,73149,2.0,2.0,860.0,Oklahoma City,92700,37
1158,73149,2.0,2.0,1314.0,Oklahoma City,200000,47
1159,73149,1.0,3.0,1352.0,Oklahoma City,178000,47
1160,73149,1.0,2.0,879.0,Oklahoma City,78000,49
1161,73149,1.0,3.0,1040.0,Oklahoma City,149900,36
1162,73149,1.5,3.0,896.0,Oklahoma City,63250,32
1163,73149,1.0,3.0,720.0,Oklahoma City,25000,47
1164,73149,2.0,3.0,2012.0,Oklahoma City,225000,39
1165,73149,2.0,3.0,1348.0,Oklahoma City,52500,36
1166,73149,1.5,4.0,1368.0,Oklahoma City,63000,46
1167,73149,2.0,5.0,1430.0,Oklahoma City,183000,43
1168,73149,2.0,3.0,1319.0,Oklahoma City,170000,32
1169,73149,2.0,4.0,1072.0,Oklahoma City,160000,41
1170,73149,1.0,3.0,920.0,Oklahoma City,45000,42
1171,73149,2.0,3.0,2252.0,Oklahoma City,230000,31
1172,73149,1.0,3.0,1080.0,Oklahoma City,130000,32
1173,73149,1.0,3.0,1214.0,Oklahoma City,165000,34
1174,73149,3.0,4.0,1998.0,Oklahoma City,200000,40
1175,73149,1.0,4.0,1286.0,Oklahoma City,140700,37
1176,73149,1.0,3.0,792.0,Oklahoma City,103250,41
1177,73149,2.0,3.0,1322.0,Oklahoma City,160000,36
1178,73149,2.0,3.0,868.0,Oklahoma City,105000,44
1179,73149,,,4320.0,Oklahoma City,2200000,46
1180,73149,2.0,2.0,1314.0,Oklahoma City,208449,33
1181,73149,1.0,3.0,896.0,Oklahoma City,70000,42
1182,73149,1.0,3.0,1132.0,Oklahoma City,140000,47
1183,73149,1.0,3.0,864.0,Oklahoma City,90000,30
1184,73149,2.0,3.0,983.0,Oklahoma City,138500,45
1185,73149,1.0,2.0,580.0,Oklahoma City,85000,42
1186,73149,2.0,4.0,1426.0,Oklahoma City,190000,39
1187,73149,3.0,3.0,1542.0,Oklahoma City,121500,41
1188,73149,2.0,2.0,1314.0,Oklahoma City,212000,31
1189,73150,2.0,4.0,2392.0,Oklahoma City,375000,32
1190,73150,3.0,3.0,2514.0,Oklahoma City,380000,39
1191,73150,,,,Oklahoma City,400000,31
1192,73150,3.0,4.0,3368.0,Oklahoma City,439000,42
1193,73150,1.0,2.0,978.0,Oklahoma City,215000,42
1194,73150,1.0,3.0,889.0,Oklahoma City,100000,47
1195,73150,2.0,5.0,2107.0,Oklahoma City,317000,32
1196,73150,2.0,3.0,1750.0,Oklahoma City,315000,36
1197,73150,,,,Oklahoma City,400000,43
1198,73150,,,,Oklahoma City,400000,49
1199,73150,6.0,5.0,3816.0,Oklahoma City,545000,46
1200,73150,4.0,4.0,3121.0,Oklahoma City,625000,50
1201,73150,,,,Oklahoma City,40000,41
1202,73150,3.0,4.0,2583.0,Oklahoma City,410000,45
1203,73150,4.0,3.0,3661.0,Oklahoma City,495000,41
1204,73150,3.0,4.0,3356.0,Oklahoma City,475000,44
1205,73150,2.0,4.0,2359.0,Oklahoma City,400000,39
1206,73150,3.0,4.0,2633.0,Oklahoma City,430000,36
1207,73150,1.75,3.0,1873.0,Oklahoma City,270000,49
1208,73150,,,,Oklahoma City,150000,34
1209,73150,2.0,3.0,,Oklahoma City,150000,30
1210,73150,3.0,4.0,2562.0,Oklahoma City,389900,46
1211,73150,2.0,3.0,2624.0,Oklahoma City,385000,32
1212,73150,,,,Oklahoma City,140000,42
1213,73150,3.0,4.0,1984.0,Oklahoma City,324900,43
1214,73150,3.0,3.0,2380.0,Oklahoma City,359000,47
1215,73150,3.0,4.0,2473.0,Oklahoma City,449900,33
1216,73150,2.0,3.0,1752.0,Oklahoma City,300000,47
1217,73150,,,,Oklahoma City,110000,34
1218,73150,3.0,3.0,2396.0,Oklahoma City,430000,45
1219,73150,4.0,4.0,3892.0,Oklahoma City,550000,30
1220,73150,3.0,4.0,2407.0,Oklahoma City,509900,50
1221,73150,,,,Oklahoma City,588000,43
1222,73150,2.0,2.0,924.0,Oklahoma City,320000,44
1223,73150,3.0,4.0,2157.0,Oklahoma City,364900,38
1224,73150,2.5,4.0,3486.0,Oklahoma City,410000,44
1225,73150,,,,Oklahoma City,120000,46
1226,73150,2.0,1.0,2400.0,Oklahoma City,425000,33
1227,73150,,,,Oklahoma City,150000,34
1228,73150,,,,Oklahoma City,145000,34
1229,73114,2.0,4.0,1581.0,Oklahoma City,200000,40
1230,73114,2.0,3.0,1336.0,Oklahoma City,204900,35
1231,73114,2.0,3.0,1414.0,Oklahoma City,195000,36
1232,73114,2.0,4.0,1459.0,Oklahoma City,236630,43
1233,73114,1.0,2.0,800.0,Oklahoma City,174975,40
1234,73114,5.0,6.0,3784.0,Oklahoma City,324000,42
1235,73114,2.0,4.0,1893.0,Oklahoma City,211000,31
1236,73114,2.0,2.0,1134.0,Oklahoma City,150000,36
1237,73114,2.0,3.0,1573.0,Oklahoma City,323000,49
1238,73114,2.0,3.0,1413.0,Oklahoma City,130100,33
1239,73114,2.0,3.0,1293.0,Oklahoma City,235990,37
1240,73114,2.0,3.0,1440.0,Oklahoma City,30000,49
1241,73114,2.0,3.0,1625.0,Oklahoma City,145000,50
1242,73114,2.0,3.0,1520.0,Oklahoma City,270000,48
1243,73114,2.0,3.0,1301.0,Oklahoma City,170000,42
1244,73114,2.0,3.0,1259.0,Oklahoma City,217900,43
1245,73114,2.0,2.0,869.0,Oklahoma City,192000,39
1246,73114,2.0,3.0,1248.0,Oklahoma City,214900,40
1247,73114,2.0,3.0,1051.0,Oklahoma City,199900,31
1248,73114,1.0,3.0,972.0,Oklahoma City,152000,38
1249,73114,3.0,4.0,2182.0,Oklahoma City,296990,46
1250,73114,2.0,3.0,1535.0,Oklahoma City,262210,32
1251,73114,,,,Oklahoma City,12500,35
1252,73114,3.0,4.0,2179.0,Oklahoma City,215000,34
1253,73114,1.0,2.0,696.0,Oklahoma City,90500,34
1254,73114,2.0,3.0,1210.0,Oklahoma City,91386,44
1255,73114,3.0,3.0,1853.0,Oklahoma City,283990,46
1256,73114,1.0,2.0,800.0,Oklahoma City,169975,38
1257,73114,2.0,3.0,1051.0,Oklahoma City,189975,32
1258,73114,2.0,3.0,1293.0,Oklahoma City,236990,49
1259,73114,2.0,3.0,1489.0,Oklahoma City,244990,46
1260,73114,1.0,2.0,616.0,Oklahoma City,60000,39
1261,73114,2.0,3.0,1710.0,Oklahoma City,181500,32
1262,73114,2.0,3.0,1489.0,Oklahoma City,244990,47
1263,73114,2.0,4.0,1266.0,Oklahoma City,120000,47
1264,73114,2.0,3.0,1676.0,Oklahoma City,145000,46
1265,73114,2.0,3.0,1222.0,Oklahoma City,95000,32
1266,73114,1.75,3.0,1066.0,Oklahoma City,104000,32
1267,73114,2.0,4.0,1459.0,Oklahoma City,234900,35
1268,73114,2.0,3.0,1373.0,Oklahoma City,228900,42
1269,73114,2.0,3.0,951.0,Oklahoma City,120000,44
1270,73115,1.0,2.0,813.0,Oklahoma City,73000,33
1271,73115,2.0,3.0,1418.0,Oklahoma City,199900,31
1272,73115,3.0,4.0,2088.0,Oklahoma City,108000,38
1273,73115,2.0,3.0,1591.0,Oklahoma City,164900,39
1274,73115,2.0,2.0,1076.0,Oklahoma City,160000,38
1275,73115,2.0,3.0,1040.0,Oklahoma City,52700,44
1276,73115,1.0,3.0,925.0,Oklahoma City,146000,34
1277,73115,2.0,3.0,1033.0,Oklahoma City,170000,35
1278,73115,1.0,3.0,840.0,Oklahoma City,67000,42
1279,73115,2.0,4.0,2153.0,Oklahoma City,232000,48
1280,73115,2.0,3.0,1684.0,Oklahoma City,194000,37
1281,73117,2.0,3.0,1360.0,Oklahoma City,240000,42
1282,73117,1.0,3.0,836.0,Oklahoma City,125000,30
1283,73117,1.0,2.0,1024.0,Oklahoma City,120000,35
1284,73117,2.0,3.0,1386.0,Oklahoma City,245000,48
1285,73117,2.0,3.0,1423.0,Oklahoma City,199900,45
1286,73117,2.0,3.0,1386.0,Oklahoma City,240000,37
1287,73117,,,3036.0,Oklahoma City,52000,30
1288,73117,,,,Oklahoma City,52000,45
1289,73117,,,,Oklahoma City,27000,38
1290,73117,1.0,2.0,936.0,Oklahoma City,120000,42
1291,73117,3.0,3.0,1653.0,Oklahoma City,285000,40
1292,73117,2.0,3.0,1178.0,Oklahoma City,212400,42
1293,73117,2.0,3.0,1445.0,Oklahoma City,202000,50
1294,73117,2.0,2.0,1079.0,Oklahoma City,139900,39
1295,73117,1.0,3.0,872.0,Oklahoma City,115000,33
1296,73117,2.0,3.0,980.0,Oklahoma City,156500,35
1297,73117,1.0,3.0,910.0,Oklahoma City,119999,36
1298,73117,,,,Oklahoma City,50000,34
1299,73117,1.0,3.0,1084.0,Oklahoma City,119000,40
1300,73117,1.0,2.0,1296.0,Oklahoma City,50000,42
1301,73117,1.0,2.0,764.0,Oklahoma City,60000,48
1302,73117,2.0,3.0,1624.0,Oklahoma City,285000,39
1303,73117,8.0,6.0,2714.0,Oklahoma City,351000,39
1304,73117,1.0,2.0,956.0,Oklahoma City,135000,40
1305,73117,1.0,3.0,1052.0,Oklahoma City,121300,50
1306,73117,2.0,3.0,1595.0,Oklahoma City,260000,36
1307,73117,2.0,3.0,1323.0,Oklahoma City,139500,47
1308,73117,1.0,2.0,900.0,Oklahoma City,74000,33
1309,73117,2.0,3.0,1247.0,Oklahoma City,176000,31
1310,73117,2.0,3.0,1271.0,Oklahoma City,97000,43
1311,73117,1.0,3.0,1100.0,Oklahoma City,115000,42
1312,73117,,,1.0,Oklahoma City,15000,41
1313,73117,2.5,3.0,1529.0,Oklahoma City,166000,36
1314,73117,2.0,2.0,1365.0,Oklahoma City,55000,31
1315,73117,1.0,3.0,945.0,Oklahoma City,100000,42
1316,73117,1.0,3.0,980.0,Oklahoma City,66000,43
1317,73117,,,,Oklahoma City,25000,46
1318,73117,2.0,2.0,1008.0,Oklahoma City,117000,38
1319,73117,1.0,3.0,898.0,Oklahoma City,82500,46
1320,73117,1.0,3.0,1262.0,Oklahoma City,80000,37
1321,73117,1.0,3.0,1202.0,Oklahoma City,22000,31
1322,73112,2.0,4.0,1720.0,Oklahoma City,269000,42
1323,73112,1.0,3.0,1382.0,Oklahoma City,157245,32
1324,73112,3.0,4.0,2218.0,Oklahoma City,375000,45
1325,73112,2.0,4.0,2023.0,Oklahoma City,199000,35
1326,73112,5.0,6.0,4217.0,Oklahoma City,1420000,48
1327,73112,2.0,3.0,1733.0,Oklahoma City,300000,36
1328,73112,4.0,3.0,2456.0,Oklahoma City,658500,39
1329,73112,2.0,3.0,1098.0,Oklahoma City,170000,38
1330,73112,1.0,2.0,1264.0,Oklahoma City,200000,31
1331,73112,3.0,3.0,1843.0,Oklahoma City,382500,44
1332,73112,4.0,3.0,2934.0,Oklahoma City,620000,34
1333,73112,2.0,3.0,1209.0,Oklahoma City,200000,33
1334,73112,2.0,3.0,1938.0,Oklahoma City,305000,49
1335,73112,2.0,3.0,1459.0,Oklahoma City,210000,33
1336,73112,3.0,4.0,2409.0,Oklahoma City,446000,47
1337,73112,2.0,3.0,1907.0,Oklahoma City,235000,33
1338,73112,1.0,2.0,840.0,Oklahoma City,86500,46
1339,73112,3.0,4.0,1955.0,Oklahoma City,318000,41
1340,73112,3.0,4.0,2601.0,Oklahoma City,574000,46
1341,73112,2.0,3.0,1208.0,Oklahoma City,195000,39
1342,73112,2.0,3.0,1587.0,Oklahoma City,235000,30
1343,73112,2.5,3.0,1500.0,Oklahoma City,130000,47
1344,73112,2.0,3.0,1152.0,Oklahoma City,189500,47
1345,73112,2.0,4.0,1730.0,Oklahoma City,260000,43
1346,73112,1.0,3.0,796.0,Oklahoma City,112500,44
1347,73112,1.0,2.0,1102.0,Oklahoma City,175000,41
1348,73112,1.0,2.0,929.0,Oklahoma City,153285,33
1349,73112,3.0,3.0,2189.0,Oklahoma City,312770,32
1350,73112,2.0,4.0,2038.0,Oklahoma City,225000,49
1351,73112,1.0,3.0,1008.0,Oklahoma City,205000,41
1352,73112,2.0,3.0,1422.0,Oklahoma City,310000,36
1353,73112,1.0,2.0,1024.0,Oklahoma City,160000,40
1354,73112,2.0,3.0,1293.0,Oklahoma City,215000,30
1355,73112,2.0,3.0,1197.0,Oklahoma City,213900,35
1356,73112,2.0,3.0,1284.0,Oklahoma City,190000,44
1357,73112,1.0,3.0,1022.0,Oklahoma City,108449,44
1358,73112,3.0,3.0,2386.0,Oklahoma City,560000,48
1359,73112,2.0,3.0,1260.0,Oklahoma City,195000,40
1360,73112,1.0,3.0,1270.0,Oklahoma City,180000,31
1361,73112,2.0,3.0,1900.0,Oklahoma City,192500,43
1362,73112,1.5,3.0,1293.0,Oklahoma City,150000,31
1363,73151,4.0,4.0,3564.0,Oklahoma City,769000,33
1364,73151,4.0,5.0,3643.0,Oklahoma City,760000,46
1365,73151,3.0,4.0,2576.0,Oklahoma City,435000,32
1366,73151,2.0,3.0,1326.0,Oklahoma City,302000,42
1367,73151,3.0,4.0,3216.0,Oklahoma City,625000,38
1368,73151,4.0,4.0,4732.0,Oklahoma City,1335000,36
1369,73151,5.0,4.0,3674.0,Oklahoma City,1115500,44
1370,73151,3.0,4.0,2383.0,Oklahoma City,560000,40
1371,73151,4.0,5.0,4273.0,Oklahoma City,1300000,49
1372,73151,5.0,5.0,3633.0,Oklahoma City,821000,31
1373,73151,5.0,4.0,3357.0,Oklahoma City,750000,44
1374,73151,4.0,4.0,3522.0,Oklahoma City,808000,43
1375,73151,4.0,3.0,3663.0,Oklahoma City,715000,49
1376,73151,2.0,3.0,2165.0,Oklahoma City,259000,40
1377,73151,,,,Oklahoma City,400000,32
1378,73151,5.0,5.0,4025.0,Oklahoma City,947500,46
1379,73151,3.0,4.0,3165.0,Oklahoma City,610000,41
1380,73151,4.0,5.0,3942.0,Oklahoma City,989000,50
1381,73151,5.0,4.0,3459.0,Oklahoma City,1079000,44
1382,73151,5.0,4.0,3504.0,Oklahoma City,1110000,45
1383,73151,3.0,4.0,3120.0,Oklahoma City,695000,34
1384,73151,2.0,3.0,3035.0,Oklahoma City,556000,49
1385,73151,5.0,5.0,4453.0,Oklahoma City,1050000,35
1386,73151,4.0,4.0,3062.0,Oklahoma City,750000,48
1387,73151,4.0,3.0,3490.0,Oklahoma City,745000,34
1388,73151,2.5,3.0,2231.0,Oklahoma City,450000,32
1389,73151,3.0,4.0,2722.0,Oklahoma City,450000,30
1390,73151,4.5,7.0,4463.0,Oklahoma City,980000,35
1391,73151,5.0,5.0,3999.0,Oklahoma City,1249900,44
1392,73151,3.0,3.0,2149.0,Oklahoma City,450000,31
1393,73151,3.0,3.0,2800.0,Oklahoma City,713000,32
1394,73151,3.0,4.0,3144.0,Oklahoma City,675000,46
1395,73151,5.0,5.0,4002.0,Oklahoma City,824000,41
1396,73151,4.0,4.0,3567.0,Oklahoma City,1049900,47
1397,73151,4.0,4.0,3320.0,Oklahoma City,535000,44
1398,73151,3.0,3.0,3074.0,Oklahoma City,474500,41
1399,73151,,,,Oklahoma City,1070000,45
1400,73151,5.0,4.0,3567.0,Oklahoma City,1070000,37
1401,73151,5.0,5.0,4632.0,Oklahoma City,689000,43
1402,73151,3.0,3.0,2392.0,Oklahoma City,419900,46
1403,73151,4.0,4.0,3917.0,Oklahoma City,555000,50
1404,73117,3.0,3.0,1687.0,Oklahoma City,320000,37
1405,73117,1.0,3.0,1540.0,Oklahoma City,139900,44
1406,73117,,,,Oklahoma City,8000,43
1407,73117,2.0,3.0,1093.0,Oklahoma City,100000,47
1408,73117,2.0,3.0,1410.0,Oklahoma City,75000,49
1409,73117,1.0,2.0,720.0,Oklahoma City,78500,36
1410,73117,,,,Oklahoma City,56000,32
1411,73117,,,,Oklahoma City,30000,41
1412,73117,,,,Oklahoma City,145000,50
1413,73117,1.0,1.0,600.0,Oklahoma City,44500,32
1414,73117,1.5,3.0,1032.0,Oklahoma City,60000,49
1415,73117,2.0,2.0,1281.0,Oklahoma City,20000,43
1416,73117,2.0,3.0,1068.0,Oklahoma City,70000,44
1417,73117,,,,Oklahoma City,30000,43
1418,73117,2.0,4.0,1435.0,Oklahoma City,110000,36
1419,73117,1.0,1.0,1267.0,Oklahoma City,95000,46
1420,73117,0.0,1.0,672.0,Oklahoma City,9500,41
1421,73117,1.0,1.0,540.0,Oklahoma City,69700,49
1422,73117,1.0,3.0,1208.0,Oklahoma City,155900,33
1423,73117,2.0,3.0,924.0,Oklahoma City,125000,38
1424,73117,,,,Oklahoma City,28000,35
1425,73117,1.0,3.0,945.0,Oklahoma City,125000,45
1426,73117,1.0,2.0,1040.0,Oklahoma City,79000,50
1427,73117,2.0,3.0,1534.0,Oklahoma City,143000,50
1428,73117,2.0,2.0,1534.0,Oklahoma City,120000,31
1429,73117,2.0,2.0,785.0,Oklahoma City,65000,37
1430,73117,,,,Oklahoma City,65000,40
1431,73117,2.0,3.0,1486.0,Oklahoma City,252500,42
1432,73117,2.0,3.0,,Oklahoma City,140000,46
1433,73117,1.0,2.0,1252.0,Oklahoma City,168000,37
1434,73117,1.0,2.0,1148.0,Oklahoma City,70000,50
1435,73117,2.0,3.0,1008.0,Oklahoma City,140000,47
1436,73117,2.0,2.0,890.0,Oklahoma City,134900,47
1437,73117,2.0,4.0,1739.0,Oklahoma City,275000,43
1438,73117,2.0,3.0,1218.0,Oklahoma City,174000,44
1439,73117,,,,Oklahoma City,20000,35
1440,73117,2.0,4.0,1732.0,Oklahoma City,294000,40
1441,73117,2.0,3.0,1768.0,Oklahoma City,195000,42
1442,73117,2.0,3.0,1588.0,Oklahoma City,220000,30
1443,73117,3.0,4.0,2756.0,Oklahoma City,311000,35
1444,73117,2.0,4.0,1100.0,Oklahoma City,90000,38
1445,73117,2.0,3.0,1195.0,Oklahoma City,87000,37
1446,73117,3.0,4.0,2466.0,Oklahoma City,274000,40
1447,73117,1.0,3.0,1382.0,Oklahoma City,190000,48
1448,73117,2.0,3.0,1714.0,Oklahoma City,125000,38
1449,73117,2.0,3.0,1330.0,Oklahoma City,180000,46
1450,73117,2.0,3.0,1088.0,Oklahoma City,48000,41
1451,73117,1.0,2.0,660.0,Oklahoma City,56500,43
1452,73117,1.0,1.0,624.0,Oklahoma City,15900,44
1453,73117,2.0,3.0,1000.0,Oklahoma City,50000,45
1454,73117,1.0,2.0,859.0,Oklahoma City,50100,49
1455,73117,2.0,3.0,1019.0,Oklahoma City,48000,30
1456,73117,3.0,4.0,1968.0,Oklahoma City,32500,39
1457,73117,1.0,2.0,1318.0,Oklahoma City,56000,37
1458,73117,1.0,3.0,1.0,Oklahoma City,18800,47
1459,73117,6.0,6.0,2500.0,Oklahoma City,525000,30
1460,73117,1.0,2.0,910.0,Oklahoma City,60000,31
1461,73117,2.0,3.0,1152.0,Oklahoma City,68500,30
1462,73117,,,,Oklahoma City,30000,30
1463,73117,1.0,2.0,1015.0,Oklahoma City,72500,38
1464,73117,1.0,3.0,840.0,Oklahoma City,95000,42
1465,73117,1.0,2.0,850.0,Oklahoma City,71500,30
1466,73117,1.0,3.0,1686.0,Oklahoma City,153000,42
1467,73117,,,,Oklahoma City,139200,49
1468,73117,2.0,3.0,1378.0,Oklahoma City,240000,36
1469,73117,2.0,3.0,1400.0,Oklahoma City,234999,31
1470,73117,2.0,3.0,1359.0,Oklahoma City,9000,35
1471,73117,2.0,3.0,924.0,Oklahoma City,115000,36
1472,73117,,,,Oklahoma City,18000,43
1473,73117,1.0,4.0,1420.0,Oklahoma City,153750,47
1474,73117,1.0,2.0,810.0,Oklahoma City,44000,44
1475,73117,2.0,4.0,1553.0,Oklahoma City,240000,31
1476,73117,2.0,3.0,1229.0,Oklahoma City,208930,39
1477,73117,,,,Oklahoma City,208930,41
1478,73117,2.0,3.0,1031.0,Oklahoma City,145000,46
1479,73117,2.0,3.0,1447.0,Oklahoma City,249500,37
1480,73117,1.0,3.0,868.0,Oklahoma City,77000,40
1481,73117,1.0,3.0,800.0,Oklahoma City,60000,32
1482,73117,2.0,2.0,1061.0,Oklahoma City,65000,35
1483,73117,1.0,3.0,948.0,Oklahoma City,140000,38
1484,73117,1.0,3.0,884.0,Oklahoma City,130000,35
1485,73117,2.0,3.0,1031.0,Oklahoma City,130000,38
1486,73117,2.0,3.0,1679.0,Oklahoma City,247525,36
1487,73117,1.5,3.0,1701.0,Oklahoma City,175000,38
1488,73117,1.0,3.0,1384.0,Oklahoma City,72500,47
1489,73117,2.0,3.0,1400.0,Oklahoma City,230000,41
1490,73117,2.0,3.0,1092.0,Oklahoma City,185640,37
1491,73117,1.0,3.0,952.0,Oklahoma City,130000,37
1492,73117,2.0,3.0,1209.0,Oklahoma City,82500,47
1493,73117,2.0,4.0,1274.0,Oklahoma City,85000,49
1494,73117,2.0,4.0,1618.0,Oklahoma City,158000,44
1495,73117,2.0,2.0,952.0,Oklahoma City,165000,36
1496,73117,2.0,3.0,1428.0,Oklahoma City,197000,40
1497,73117,2.0,3.0,1286.0,Oklahoma City,90000,49
1498,73117,1.0,3.0,971.0,Oklahoma City,41000,45
1499,73117,1.0,2.0,,Oklahoma City,42000,33
1500,73117,2.0,4.0,2357.0,Oklahoma City,234000,35
1501,73117,1.0,3.0,1240.0,Oklahoma City,47000,32
1502,73117,2.0,3.0,1172.0,Oklahoma City,100000,38
1503,73117,2.0,3.0,1400.0,Oklahoma City,230000,39
1504,73117,1.0,3.0,1242.0,Oklahoma City,147500,43
1505,73117,,,,Oklahoma City,22500,40
1506,73117,2.0,3.0,1012.0,Oklahoma City,147000,47
1507,73117,2.0,3.0,1106.0,Oklahoma City,199900,41
1508,73117,2.0,3.0,1168.0,Oklahoma City,175500,41
1509,73117,2.0,3.0,1552.0,Oklahoma City,207000,42
1510,73117,2.0,3.0,1614.0,Oklahoma City,213000,42
1511,73117,1.0,2.0,827.0,Oklahoma City,78500,48
1512,73117,1.0,2.0,904.0,Oklahoma City,35000,48
1513,73117,2.0,3.0,1150.0,Oklahoma City,10000,43
1514,73117,2.0,3.0,1224.0,Oklahoma City,185000,33
1515,73117,2.0,4.0,2591.0,Oklahoma City,150000,42
1516,73117,1.0,3.0,960.0,Oklahoma City,144900,37
1517,73117,2.0,3.0,1033.0,Oklahoma City,151000,50
1518,73117,2.0,3.0,1284.0,Oklahoma City,285000,48
1519,73117,,,,Oklahoma City,25000,41
1520,73117,2.0,3.0,1092.0,Oklahoma City,165000,47
1521,73117,2.0,3.0,1165.0,Oklahoma City,224900,35
1522,73117,1.0,3.0,1018.0,Oklahoma City,135000,47
1523,73117,2.0,3.0,1103.0,Oklahoma City,143000,48
1524,73160,3.0,4.0,2300.0,Oklahoma City,439840,48
1525,73160,3.0,5.0,2366.0,Oklahoma City,497409,36
1526,73160,2.0,3.0,1417.0,Oklahoma City,223000,47
1527,73160,2.0,3.0,1721.0,Oklahoma City,208000,31
1528,73160,2.0,3.0,1625.0,Oklahoma City,344840,35
1529,73160,2.0,3.0,1253.0,Oklahoma City,240990,42
1530,73160,,,,Oklahoma City,239000,37
1531,73160,,,,Oklahoma City,280000,49
1532,73160,3.0,4.0,2788.0,Oklahoma City,559900,36
1533,73160,2.0,4.0,1600.0,Oklahoma City,279990,49
1534,73160,2.0,4.0,1800.0,Oklahoma City,376340,37
1535,73160,3.0,4.0,2124.0,Oklahoma City,469083,46
1536,73160,3.0,4.0,2590.0,Oklahoma City,425000,49
1537,73160,2.0,3.0,1450.0,Oklahoma City,233000,30
1538,73160,2.0,3.0,1253.0,Oklahoma City,234990,50
1539,73160,3.0,4.0,2045.0,Oklahoma City,367500,34
1540,73160,2.0,4.0,1889.0,Oklahoma City,295000,48
1541,73160,,,,Oklahoma City,238000,31
1542,73160,2.0,3.0,1342.0,Oklahoma City,237990,35
1543,73160,,,,Oklahoma City,241000,45
1544,73160,2.0,3.0,1200.0,Oklahoma City,283130,47
1545,73160,0.0,,,Oklahoma City,85000,30
1546,73160,2.0,3.0,1838.0,Oklahoma City,354900,43
1547,73160,3.0,4.0,2350.0,Oklahoma City,447340,33
1548,73160,1.0,3.0,1382.0,Oklahoma City,192000,48
1549,73160,2.0,4.0,1850.0,Oklahoma City,407307,48
1550,73160,2.0,3.0,1500.0,Oklahoma City,327840,36
1551,73160,2.0,4.0,1850.0,Oklahoma City,382340,50
1552,73160,2.0,3.0,1253.0,Oklahoma City,234990,35
1553,73160,,,,Oklahoma City,242000,32
1554,73160,,,,Oklahoma City,235000,31
1555,73160,2.0,3.0,2144.0,Oklahoma City,429980,33
1556,73160,2.0,4.0,1900.0,Oklahoma City,387840,44
1557,73160,2.0,3.0,1342.0,Oklahoma City,240990,39
1558,73160,,,,Oklahoma City,85000,33
1559,73160,2.0,4.0,1850.0,Oklahoma City,349900,42
1560,73160,,,,Oklahoma City,135000,36
1561,73160,2.0,4.0,1779.0,Oklahoma City,273000,49
1562,73160,,,,Oklahoma City,257000,39
1563,73160,2.0,3.0,1342.0,Oklahoma City,241990,33
1564,73160,2.0,4.0,1950.0,Oklahoma City,397340,47
1565,73160,2.0,3.0,1253.0,Oklahoma City,234990,48
1566,73160,,,,Oklahoma City,140000,47
1567,73160,2.0,3.0,1342.0,Oklahoma City,229990,34
1568,73160,,,,Oklahoma City,234000,44
1569,73160,2.0,3.0,1333.0,Oklahoma City,256990,50
1570,73160,2.0,4.0,1275.0,Oklahoma City,179000,32
1571,73160,2.0,3.0,1386.0,Oklahoma City,170000,39
1572,73160,2.0,3.0,1253.0,Oklahoma City,233990,43
1573,73160,3.0,4.0,2450.0,Oklahoma City,462340,38
1574,73160,2.0,3.0,1253.0,Oklahoma City,224990,37
1575,73160,2.0,3.0,1587.0,Oklahoma City,265000,38
1576,73160,,,,Oklahoma City,125000,36
1577,73160,2.0,3.0,1342.0,Oklahoma City,239990,46
1578,73160,,,,Oklahoma City,225000,37
1579,73160,3.0,5.0,2520.0,Oklahoma City,476340,49
1580,73160,3.0,3.0,2030.0,Oklahoma City,359945,33
1581,73160,2.0,3.0,1858.0,Oklahoma City,409880,34
1582,73160,2.0,3.0,1253.0,Oklahoma City,224990,46
1583,73160,2.0,3.0,1814.0,Oklahoma City,346921,41
1584,73160,4.0,5.0,3000.0,Oklahoma City,545940,49
1585,73160,2.0,3.0,1386.0,Oklahoma City,210000,36
1586,73160,3.0,4.0,2300.0,Oklahoma City,473115,50
1587,73160,2.0,4.0,1624.0,Oklahoma City,270000,39
1588,73160,3.0,4.0,2250.0,Oklahoma City,440840,32
1589,73160,2.0,3.0,1763.0,Oklahoma City,339942,32
1590,73160,2.0,4.0,1802.0,Oklahoma City,339964,31
1591,73160,,,,Oklahoma City,225000,31
1592,73160,,,,Oklahoma City,240000,32
1593,73160,,,,Oklahoma City,245000,49
1594,73160,,,,Oklahoma City,240000,35
1595,73160,,,,Oklahoma City,250000,31
1596,73160,2.0,4.0,1536.0,Oklahoma City,219900,41
1597,73160,2.0,3.0,1301.0,Oklahoma City,239990,49
1598,73160,,,,Oklahoma City,240000,47
1599,73160,2.0,3.0,1394.0,Oklahoma City,249990,39
1600,73160,,,,Oklahoma City,229000,31
1601,73160,2.0,3.0,1301.0,Oklahoma City,239990,38
1602,73160,2.0,4.0,1624.0,Oklahoma City,276000,32
1603,73160,3.0,4.0,1950.0,Oklahoma City,355000,50
1604,73160,2.0,4.0,1624.0,Oklahoma City,262500,38
1605,73160,2.0,4.0,1624.0,Oklahoma City,262500,43
1606,73160,1.0,3.0,875.0,Oklahoma City,139900,33
1607,73160,2.0,3.0,1342.0,Oklahoma City,229990,36
1608,73160,,,,Oklahoma City,115000,37
1609,73160,,,,Oklahoma City,250000,47
1610,73160,,,,Oklahoma City,260000,36
1611,73160,2.0,3.0,1500.0,Oklahoma City,259990,39
1612,73160,2.0,3.0,1394.0,Oklahoma City,249990,42
1613,73160,,,,Oklahoma City,280000,50
1614,73160,3.0,4.0,2400.0,Oklahoma City,456465,50
1615,73160,2.0,4.0,1600.0,Oklahoma City,279990,49
1616,73160,,,,Oklahoma City,230000,45
1617,73160,2.0,3.0,1342.0,Oklahoma City,229990,35
1618,73160,2.0,3.0,1342.0,Oklahoma City,224990,50
1619,73160,2.0,4.0,2424.0,Oklahoma City,470000,42
1620,73160,2.0,3.0,1342.0,Oklahoma City,228990,37
1621,73160,2.0,4.0,1792.0,Oklahoma City,239500,40
1622,73160,,,,Oklahoma City,229000,49
1623,73160,,,,Oklahoma City,62265,43
1624,73160,2.0,3.0,1342.0,Oklahoma City,228990,37
1625,73160,,,,Oklahoma City,245000,46
1626,73160,2.0,3.0,1301.0,Oklahoma City,244990,38
1627,73160,2.0,3.0,1342.0,Oklahoma City,232990,47
1628,73160,,,,Oklahoma City,165000,39
1629,73160,2.0,3.0,1394.0,Oklahoma City,249990,31
1630,73160,,,,Oklahoma City,260000,44
1631,73160,,,,Oklahoma City,115000,48
1632,73160,2.0,3.0,1253.0,Oklahoma City,224990,32
1633,73160,2.0,3.0,1301.0,Oklahoma City,239990,44
1634,73160,,,,Oklahoma City,245000,47
1635,73160,,,,Oklahoma City,230000,36
1636,73160,,,,Oklahoma City,232000,41
1637,73160,2.0,3.0,1301.0,Oklahoma City,231700,36
1638,73160,2.0,3.0,1301.0,Oklahoma City,244990,41
1639,73160,2.0,3.0,1301.0,Oklahoma City,244990,44
1640,73116,3.0,3.0,2099.0,Oklahoma City,324000,34
1641,73116,1.0,2.0,976.0,Oklahoma City,199900,44
1642,73116,2.0,2.0,1282.0,Oklahoma City,150000,39
1643,73116,6.0,4.0,5157.0,Oklahoma City,2195000,45
1644,73116,,,,Oklahoma City,450000,37
1645,73116,,,,Oklahoma City,450000,30
1646,73116,2.0,3.0,1766.0,Oklahoma City,235000,41
1647,73116,2.0,3.0,1247.0,Oklahoma City,215000,32
1648,73116,2.0,3.0,1834.0,Oklahoma City,292000,30
1649,73116,3.0,2.0,1500.0,Oklahoma City,185000,33
1650,73116,1.0,3.0,1041.0,Oklahoma City,170000,39
1651,73116,5.0,3.0,6237.0,Oklahoma City,1975000,39
1652,73116,1.0,2.0,1184.0,Oklahoma City,205000,50
1653,73116,1.0,2.0,980.0,Oklahoma City,194500,43
1654,73116,2.0,3.0,2157.0,Oklahoma City,384000,36
1655,73116,1.75,3.0,1496.0,Oklahoma City,155000,31
1656,73116,5.0,3.0,6032.0,Oklahoma City,2625000,45
1657,73116,3.0,3.0,2066.0,Oklahoma City,357000,42
1658,73116,1.0,3.0,1104.0,Oklahoma City,77500,33
1659,73116,1.0,2.0,963.0,Oklahoma City,60000,43
1660,73116,3.0,4.0,2624.0,Oklahoma City,350000,43
1661,73116,3.0,3.0,1520.0,Oklahoma City,170000,31
1662,73116,2.0,3.0,1368.0,Oklahoma City,25000,50
1663,73116,3.0,4.0,2724.0,Oklahoma City,382000,49
1664,73116,2.0,3.0,1650.0,Oklahoma City,220000,35
1665,73116,3.0,3.0,1977.0,Oklahoma City,350000,48
1666,73162,2.0,3.0,1616.0,Oklahoma City,245100,34
1667,73162,3.0,3.0,2617.0,Oklahoma City,205000,33
1668,73162,2.0,4.0,1792.0,Oklahoma City,153000,44
1669,73162,2.0,3.0,1564.0,Oklahoma City,236900,33
1670,73162,2.0,3.0,1926.0,Oklahoma City,212000,49
1671,73162,2.0,3.0,1506.0,Oklahoma City,230000,39
1672,73162,2.0,4.0,2197.0,Oklahoma City,300000,32
1673,73162,3.0,4.0,2311.0,Oklahoma City,281000,34
1674,73162,2.0,3.0,1881.0,Oklahoma City,230000,35
1675,73162,2.0,3.0,2744.0,Oklahoma City,299999,50
1676,73162,2.0,3.0,1511.0,Oklahoma City,136000,37
1677,73162,2.0,2.0,1326.0,Oklahoma City,50000,36
1678,73162,2.0,2.0,1316.0,Oklahoma City,207000,50
1679,73162,3.0,4.0,2406.0,Oklahoma City,265000,39
1680,73162,2.0,2.0,1528.0,Oklahoma City,179900,35
1681,73162,3.0,4.0,2248.0,Oklahoma City,220000,43
1682,73162,2.0,4.0,2822.0,Oklahoma City,275000,33
1683,73162,3.0,3.0,2192.0,Oklahoma City,355000,42
1684,73162,3.0,3.0,2755.0,Oklahoma City,299900,49
1685,73162,2.0,3.0,1789.0,Oklahoma City,230000,46
1686,73162,3.0,4.0,3063.0,Oklahoma City,370000,36
